nohup: ignoring input
Starting pipeline using full Cartesian grid search...
Testing combo 1: hc=0.5, of=5.0, sp=10.0, lr=3e-05, n_steps=512, batch_size=64
 Result: {'holding_cost': 0.5, 'order_fixed': 5.0, 'stockout_penalty': 10.0, 'learning_rate': 3e-05, 'n_steps': 512, 'n_epochs': 5, 'vf_coef': 0.25, 'ent_coef': 0.0, 'batch_size': 64, 'rl_avg_profit': 206.58369435202707, 'rl_avg_stockouts': 4394.717526529779, 'rl_avg_inventory': 10.649498058322255, 'train_time_s': 94.56860971450806}
Testing combo 2: hc=0.5, of=5.0, sp=10.0, lr=3e-05, n_steps=512, batch_size=64
 Result: {'holding_cost': 0.5, 'order_fixed': 5.0, 'stockout_penalty': 10.0, 'learning_rate': 3e-05, 'n_steps': 512, 'n_epochs': 5, 'vf_coef': 0.25, 'ent_coef': 0.01, 'batch_size': 64, 'rl_avg_profit': 282.7157589565203, 'rl_avg_stockouts': 0.0, 'rl_avg_inventory': 67.18704401094618, 'train_time_s': 86.1741373538971}
Testing combo 3: hc=0.5, of=5.0, sp=10.0, lr=3e-05, n_steps=512, batch_size=64
 Result: {'holding_cost': 0.5, 'order_fixed': 5.0, 'stockout_penalty': 10.0, 'learning_rate': 3e-05, 'n_steps': 512, 'n_epochs': 8, 'vf_coef': 0.25, 'ent_coef': 0.0, 'batch_size': 64, 'rl_avg_profit': 137.2167420183495, 'rl_avg_stockouts': 7291.30813967926, 'rl_avg_inventory': 8.270214571188115, 'train_time_s': 105.38155555725098}
Testing combo 4: hc=0.5, of=5.0, sp=10.0, lr=3e-05, n_steps=512, batch_size=64
 Result: {'holding_cost': 0.5, 'order_fixed': 5.0, 'stockout_penalty': 10.0, 'learning_rate': 3e-05, 'n_steps': 512, 'n_epochs': 8, 'vf_coef': 0.25, 'ent_coef': 0.01, 'batch_size': 64, 'rl_avg_profit': 269.23810218106627, 'rl_avg_stockouts': 1690.8851468904463, 'rl_avg_inventory': 16.606335896825136, 'train_time_s': 115.42919707298279}
Testing combo 5: hc=0.5, of=5.0, sp=10.0, lr=3e-05, n_steps=2048, batch_size=64
 Result: {'holding_cost': 0.5, 'order_fixed': 5.0, 'stockout_penalty': 10.0, 'learning_rate': 3e-05, 'n_steps': 2048, 'n_epochs': 5, 'vf_coef': 0.25, 'ent_coef': 0.0, 'batch_size': 64, 'rl_avg_profit': 260.3639253709771, 'rl_avg_stockouts': 2316.660061784987, 'rl_avg_inventory': 8.006297820341098, 'train_time_s': 91.88848042488098}
Testing combo 6: hc=0.5, of=5.0, sp=10.0, lr=3e-05, n_steps=2048, batch_size=64
 Result: {'holding_cost': 0.5, 'order_fixed': 5.0, 'stockout_penalty': 10.0, 'learning_rate': 3e-05, 'n_steps': 2048, 'n_epochs': 5, 'vf_coef': 0.25, 'ent_coef': 0.01, 'batch_size': 64, 'rl_avg_profit': -28.102222658424086, 'rl_avg_stockouts': 14432.303679831466, 'rl_avg_inventory': 0.9141178535506741, 'train_time_s': 91.53255200386047}
Testing combo 7: hc=0.5, of=5.0, sp=10.0, lr=3e-05, n_steps=2048, batch_size=64
 Result: {'holding_cost': 0.5, 'order_fixed': 5.0, 'stockout_penalty': 10.0, 'learning_rate': 3e-05, 'n_steps': 2048, 'n_epochs': 8, 'vf_coef': 0.25, 'ent_coef': 0.0, 'batch_size': 64, 'rl_avg_profit': 139.4182570824888, 'rl_avg_stockouts': 7339.514868713719, 'rl_avg_inventory': 6.040926050419603, 'train_time_s': 113.53772616386414}
Testing combo 8: hc=0.5, of=5.0, sp=10.0, lr=3e-05, n_steps=2048, batch_size=64
 Result: {'holding_cost': 0.5, 'order_fixed': 5.0, 'stockout_penalty': 10.0, 'learning_rate': 3e-05, 'n_steps': 2048, 'n_epochs': 8, 'vf_coef': 0.25, 'ent_coef': 0.01, 'batch_size': 64, 'rl_avg_profit': 297.7722005495894, 'rl_avg_stockouts': 32.43193292951596, 'rl_avg_inventory': 42.178870774360554, 'train_time_s': 107.19510507583618}
Testing combo 9: hc=0.5, of=5.0, sp=10.0, lr=3e-05, n_steps=1024, batch_size=64
 Result: {'holding_cost': 0.5, 'order_fixed': 5.0, 'stockout_penalty': 10.0, 'learning_rate': 3e-05, 'n_steps': 1024, 'n_epochs': 5, 'vf_coef': 0.25, 'ent_coef': 0.0, 'batch_size': 64, 'rl_avg_profit': 300.2670950035745, 'rl_avg_stockouts': 277.8542985629844, 'rl_avg_inventory': 21.907640699621748, 'train_time_s': 82.82391500473022}
Testing combo 10: hc=0.5, of=5.0, sp=10.0, lr=3e-05, n_steps=1024, batch_size=64
 Result: {'holding_cost': 0.5, 'order_fixed': 5.0, 'stockout_penalty': 10.0, 'learning_rate': 3e-05, 'n_steps': 1024, 'n_epochs': 5, 'vf_coef': 0.25, 'ent_coef': 0.01, 'batch_size': 64, 'rl_avg_profit': 289.0155167901735, 'rl_avg_stockouts': 755.2092720333042, 'rl_avg_inventory': 20.37079703030521, 'train_time_s': 82.90001797676086}
Testing combo 11: hc=0.5, of=5.0, sp=10.0, lr=3e-05, n_steps=1024, batch_size=64
 Result: {'holding_cost': 0.5, 'order_fixed': 5.0, 'stockout_penalty': 10.0, 'learning_rate': 3e-05, 'n_steps': 1024, 'n_epochs': 8, 'vf_coef': 0.25, 'ent_coef': 0.0, 'batch_size': 64, 'rl_avg_profit': 303.8264456437692, 'rl_avg_stockouts': 28.15314708838382, 'rl_avg_inventory': 25.62797184957217, 'train_time_s': 104.92952036857605}
Testing combo 12: hc=0.5, of=5.0, sp=10.0, lr=3e-05, n_steps=1024, batch_size=64
 Result: {'holding_cost': 0.5, 'order_fixed': 5.0, 'stockout_penalty': 10.0, 'learning_rate': 3e-05, 'n_steps': 1024, 'n_epochs': 8, 'vf_coef': 0.25, 'ent_coef': 0.01, 'batch_size': 64, 'rl_avg_profit': 305.92201985315944, 'rl_avg_stockouts': 95.14652752333134, 'rl_avg_inventory': 19.738785418027067, 'train_time_s': 105.44201445579529}
Testing combo 13: hc=0.5, of=5.0, sp=10.0, lr=0.0001, n_steps=512, batch_size=64
 Result: {'holding_cost': 0.5, 'order_fixed': 5.0, 'stockout_penalty': 10.0, 'learning_rate': 0.0001, 'n_steps': 512, 'n_epochs': 5, 'vf_coef': 0.25, 'ent_coef': 0.0, 'batch_size': 64, 'rl_avg_profit': 299.63575707494317, 'rl_avg_stockouts': 466.9303758470207, 'rl_avg_inventory': 18.007146214655002, 'train_time_s': 83.58478474617004}
Testing combo 14: hc=0.5, of=5.0, sp=10.0, lr=0.0001, n_steps=512, batch_size=64
 Result: {'holding_cost': 0.5, 'order_fixed': 5.0, 'stockout_penalty': 10.0, 'learning_rate': 0.0001, 'n_steps': 512, 'n_epochs': 5, 'vf_coef': 0.25, 'ent_coef': 0.01, 'batch_size': 64, 'rl_avg_profit': 272.0441911389191, 'rl_avg_stockouts': 1660.041291399812, 'rl_avg_inventory': 12.274258164318457, 'train_time_s': 82.88988494873047}
Testing combo 15: hc=0.5, of=5.0, sp=10.0, lr=0.0001, n_steps=512, batch_size=64
 Result: {'holding_cost': 0.5, 'order_fixed': 5.0, 'stockout_penalty': 10.0, 'learning_rate': 0.0001, 'n_steps': 512, 'n_epochs': 8, 'vf_coef': 0.25, 'ent_coef': 0.0, 'batch_size': 64, 'rl_avg_profit': 169.48455560086842, 'rl_avg_stockouts': 5922.8508550720335, 'rl_avg_inventory': 14.074059178636295, 'train_time_s': 107.10719442367554}
Testing combo 16: hc=0.5, of=5.0, sp=10.0, lr=0.0001, n_steps=512, batch_size=64
 Result: {'holding_cost': 0.5, 'order_fixed': 5.0, 'stockout_penalty': 10.0, 'learning_rate': 0.0001, 'n_steps': 512, 'n_epochs': 8, 'vf_coef': 0.25, 'ent_coef': 0.01, 'batch_size': 64, 'rl_avg_profit': 293.48636598965805, 'rl_avg_stockouts': 181.1027144183649, 'rl_avg_inventory': 36.59511588704096, 'train_time_s': 105.79469680786133}
Testing combo 17: hc=0.5, of=5.0, sp=10.0, lr=0.0001, n_steps=2048, batch_size=64
 Result: {'holding_cost': 0.5, 'order_fixed': 5.0, 'stockout_penalty': 10.0, 'learning_rate': 0.0001, 'n_steps': 2048, 'n_epochs': 5, 'vf_coef': 0.25, 'ent_coef': 0.0, 'batch_size': 64, 'rl_avg_profit': 257.3934886102844, 'rl_avg_stockouts': 2270.582011094816, 'rl_avg_inventory': 11.118421713288312, 'train_time_s': 84.61220002174377}
Testing combo 18: hc=0.5, of=5.0, sp=10.0, lr=0.0001, n_steps=2048, batch_size=64
 Result: {'holding_cost': 0.5, 'order_fixed': 5.0, 'stockout_penalty': 10.0, 'learning_rate': 0.0001, 'n_steps': 2048, 'n_epochs': 5, 'vf_coef': 0.25, 'ent_coef': 0.01, 'batch_size': 64, 'rl_avg_profit': 246.95760447266306, 'rl_avg_stockouts': 2778.5880517854207, 'rl_avg_inventory': 6.833639855364415, 'train_time_s': 86.0621292591095}
Testing combo 19: hc=0.5, of=5.0, sp=10.0, lr=0.0001, n_steps=2048, batch_size=64
 Result: {'holding_cost': 0.5, 'order_fixed': 5.0, 'stockout_penalty': 10.0, 'learning_rate': 0.0001, 'n_steps': 2048, 'n_epochs': 8, 'vf_coef': 0.25, 'ent_coef': 0.0, 'batch_size': 64, 'rl_avg_profit': 278.0440166394856, 'rl_avg_stockouts': 938.0363939408583, 'rl_avg_inventory': 29.439499174405448, 'train_time_s': 109.50503778457642}
Testing combo 20: hc=0.5, of=5.0, sp=10.0, lr=0.0001, n_steps=2048, batch_size=64
 Result: {'holding_cost': 0.5, 'order_fixed': 5.0, 'stockout_penalty': 10.0, 'learning_rate': 0.0001, 'n_steps': 2048, 'n_epochs': 8, 'vf_coef': 0.25, 'ent_coef': 0.01, 'batch_size': 64, 'rl_avg_profit': 281.7798352927778, 'rl_avg_stockouts': 1251.79305444593, 'rl_avg_inventory': 14.513850861018625, 'train_time_s': 109.49071264266968}
Testing combo 21: hc=0.5, of=5.0, sp=10.0, lr=0.0001, n_steps=1024, batch_size=64
 Result: {'holding_cost': 0.5, 'order_fixed': 5.0, 'stockout_penalty': 10.0, 'learning_rate': 0.0001, 'n_steps': 1024, 'n_epochs': 5, 'vf_coef': 0.25, 'ent_coef': 0.0, 'batch_size': 64, 'rl_avg_profit': 285.1131044003533, 'rl_avg_stockouts': 253.1479936708456, 'rl_avg_inventory': 42.8758853217347, 'train_time_s': 89.8519721031189}
Testing combo 22: hc=0.5, of=5.0, sp=10.0, lr=0.0001, n_steps=1024, batch_size=64
 Result: {'holding_cost': 0.5, 'order_fixed': 5.0, 'stockout_penalty': 10.0, 'learning_rate': 0.0001, 'n_steps': 1024, 'n_epochs': 5, 'vf_coef': 0.25, 'ent_coef': 0.01, 'batch_size': 64, 'rl_avg_profit': -100.08967732028268, 'rl_avg_stockouts': 17409.715343848664, 'rl_avg_inventory': 1.0660310146583831, 'train_time_s': 93.02020621299744}
Testing combo 23: hc=0.5, of=5.0, sp=10.0, lr=0.0001, n_steps=1024, batch_size=64
 Result: {'holding_cost': 0.5, 'order_fixed': 5.0, 'stockout_penalty': 10.0, 'learning_rate': 0.0001, 'n_steps': 1024, 'n_epochs': 8, 'vf_coef': 0.25, 'ent_coef': 0.0, 'batch_size': 64, 'rl_avg_profit': 203.71310781772326, 'rl_avg_stockouts': 4687.030043797138, 'rl_avg_inventory': 12.047454233975596, 'train_time_s': 116.02150082588196}
Testing combo 24: hc=0.5, of=5.0, sp=10.0, lr=0.0001, n_steps=1024, batch_size=64
 Result: {'holding_cost': 0.5, 'order_fixed': 5.0, 'stockout_penalty': 10.0, 'learning_rate': 0.0001, 'n_steps': 1024, 'n_epochs': 8, 'vf_coef': 0.25, 'ent_coef': 0.01, 'batch_size': 64, 'rl_avg_profit': 291.13177487242297, 'rl_avg_stockouts': 290.358734665544, 'rl_avg_inventory': 36.57558340516809, 'train_time_s': 109.42077398300171}
Testing combo 25: hc=0.5, of=5.0, sp=50.0, lr=3e-05, n_steps=512, batch_size=64
 Result: {'holding_cost': 0.5, 'order_fixed': 5.0, 'stockout_penalty': 50.0, 'learning_rate': 3e-05, 'n_steps': 512, 'n_epochs': 5, 'vf_coef': 0.25, 'ent_coef': 0.0, 'batch_size': 64, 'rl_avg_profit': 300.9804972845319, 'rl_avg_stockouts': 0.0, 'rl_avg_inventory': 37.19212206749067, 'train_time_s': 90.85586547851562}
Testing combo 26: hc=0.5, of=5.0, sp=50.0, lr=3e-05, n_steps=512, batch_size=64
 Result: {'holding_cost': 0.5, 'order_fixed': 5.0, 'stockout_penalty': 50.0, 'learning_rate': 3e-05, 'n_steps': 512, 'n_epochs': 5, 'vf_coef': 0.25, 'ent_coef': 0.01, 'batch_size': 64, 'rl_avg_profit': 267.52648746119587, 'rl_avg_stockouts': 0.0, 'rl_avg_inventory': 93.1332626280066, 'train_time_s': 93.11611604690552}
Testing combo 27: hc=0.5, of=5.0, sp=50.0, lr=3e-05, n_steps=512, batch_size=64
 Result: {'holding_cost': 0.5, 'order_fixed': 5.0, 'stockout_penalty': 50.0, 'learning_rate': 3e-05, 'n_steps': 512, 'n_epochs': 8, 'vf_coef': 0.25, 'ent_coef': 0.0, 'batch_size': 64, 'rl_avg_profit': 285.24080628087165, 'rl_avg_stockouts': 6.073442883418855, 'rl_avg_inventory': 59.74686342422276, 'train_time_s': 115.4390971660614}
Testing combo 28: hc=0.5, of=5.0, sp=50.0, lr=3e-05, n_steps=512, batch_size=64
 Result: {'holding_cost': 0.5, 'order_fixed': 5.0, 'stockout_penalty': 50.0, 'learning_rate': 3e-05, 'n_steps': 512, 'n_epochs': 8, 'vf_coef': 0.25, 'ent_coef': 0.01, 'batch_size': 64, 'rl_avg_profit': 240.6880765185728, 'rl_avg_stockouts': 0.0, 'rl_avg_inventory': 143.18081937607022, 'train_time_s': 112.89893937110901}
Testing combo 29: hc=0.5, of=5.0, sp=50.0, lr=3e-05, n_steps=2048, batch_size=64
 Result: {'holding_cost': 0.5, 'order_fixed': 5.0, 'stockout_penalty': 50.0, 'learning_rate': 3e-05, 'n_steps': 2048, 'n_epochs': 5, 'vf_coef': 0.25, 'ent_coef': 0.0, 'batch_size': 64, 'rl_avg_profit': 292.414354951484, 'rl_avg_stockouts': 0.0, 'rl_avg_inventory': 48.73385722121147, 'train_time_s': 85.62633728981018}
Testing combo 30: hc=0.5, of=5.0, sp=50.0, lr=3e-05, n_steps=2048, batch_size=64
 Result: {'holding_cost': 0.5, 'order_fixed': 5.0, 'stockout_penalty': 50.0, 'learning_rate': 3e-05, 'n_steps': 2048, 'n_epochs': 5, 'vf_coef': 0.25, 'ent_coef': 0.01, 'batch_size': 64, 'rl_avg_profit': 283.59008648319184, 'rl_avg_stockouts': 0.0, 'rl_avg_inventory': 65.44316146223511, 'train_time_s': 89.92653393745422}
Testing combo 31: hc=0.5, of=5.0, sp=50.0, lr=3e-05, n_steps=2048, batch_size=64
 Result: {'holding_cost': 0.5, 'order_fixed': 5.0, 'stockout_penalty': 50.0, 'learning_rate': 3e-05, 'n_steps': 2048, 'n_epochs': 8, 'vf_coef': 0.25, 'ent_coef': 0.0, 'batch_size': 64, 'rl_avg_profit': 289.1693051267374, 'rl_avg_stockouts': 18.346777958020986, 'rl_avg_inventory': 55.83172814565162, 'train_time_s': 118.71743941307068}
Testing combo 32: hc=0.5, of=5.0, sp=50.0, lr=3e-05, n_steps=2048, batch_size=64
 Result: {'holding_cost': 0.5, 'order_fixed': 5.0, 'stockout_penalty': 50.0, 'learning_rate': 3e-05, 'n_steps': 2048, 'n_epochs': 8, 'vf_coef': 0.25, 'ent_coef': 0.01, 'batch_size': 64, 'rl_avg_profit': 289.7367037936573, 'rl_avg_stockouts': 0.0, 'rl_avg_inventory': 53.41847835279491, 'train_time_s': 117.87436437606812}
Testing combo 33: hc=0.5, of=5.0, sp=50.0, lr=3e-05, n_steps=1024, batch_size=64
 Result: {'holding_cost': 0.5, 'order_fixed': 5.0, 'stockout_penalty': 50.0, 'learning_rate': 3e-05, 'n_steps': 1024, 'n_epochs': 5, 'vf_coef': 0.25, 'ent_coef': 0.0, 'batch_size': 64, 'rl_avg_profit': 289.76284577410286, 'rl_avg_stockouts': 0.0, 'rl_avg_inventory': 51.707074437598656, 'train_time_s': 93.2919249534607}
Testing combo 34: hc=0.5, of=5.0, sp=50.0, lr=3e-05, n_steps=1024, batch_size=64
 Result: {'holding_cost': 0.5, 'order_fixed': 5.0, 'stockout_penalty': 50.0, 'learning_rate': 3e-05, 'n_steps': 1024, 'n_epochs': 5, 'vf_coef': 0.25, 'ent_coef': 0.01, 'batch_size': 64, 'rl_avg_profit': 283.3750683195256, 'rl_avg_stockouts': 236.53351087165478, 'rl_avg_inventory': 32.547191584861444, 'train_time_s': 91.42606925964355}
Testing combo 35: hc=0.5, of=5.0, sp=50.0, lr=3e-05, n_steps=1024, batch_size=64
 Result: {'holding_cost': 0.5, 'order_fixed': 5.0, 'stockout_penalty': 50.0, 'learning_rate': 3e-05, 'n_steps': 1024, 'n_epochs': 8, 'vf_coef': 0.25, 'ent_coef': 0.0, 'batch_size': 64, 'rl_avg_profit': 276.7800039760838, 'rl_avg_stockouts': 0.0, 'rl_avg_inventory': 78.60019655619581, 'train_time_s': 110.39131569862366}
Testing combo 36: hc=0.5, of=5.0, sp=50.0, lr=3e-05, n_steps=1024, batch_size=64
 Result: {'holding_cost': 0.5, 'order_fixed': 5.0, 'stockout_penalty': 50.0, 'learning_rate': 3e-05, 'n_steps': 1024, 'n_epochs': 8, 'vf_coef': 0.25, 'ent_coef': 0.01, 'batch_size': 64, 'rl_avg_profit': 271.31601792572246, 'rl_avg_stockouts': 0.0, 'rl_avg_inventory': 91.24203184571984, 'train_time_s': 111.85033082962036}
Testing combo 37: hc=0.5, of=5.0, sp=50.0, lr=0.0001, n_steps=512, batch_size=64
 Result: {'holding_cost': 0.5, 'order_fixed': 5.0, 'stockout_penalty': 50.0, 'learning_rate': 0.0001, 'n_steps': 512, 'n_epochs': 5, 'vf_coef': 0.25, 'ent_coef': 0.0, 'batch_size': 64, 'rl_avg_profit': 280.7417057233919, 'rl_avg_stockouts': 192.97790989752812, 'rl_avg_inventory': 45.497373985656324, 'train_time_s': 88.43050861358643}
Testing combo 38: hc=0.5, of=5.0, sp=50.0, lr=0.0001, n_steps=512, batch_size=64
 Result: {'holding_cost': 0.5, 'order_fixed': 5.0, 'stockout_penalty': 50.0, 'learning_rate': 0.0001, 'n_steps': 512, 'n_epochs': 5, 'vf_coef': 0.25, 'ent_coef': 0.01, 'batch_size': 64, 'rl_avg_profit': 283.205959850763, 'rl_avg_stockouts': 66.58268662755525, 'rl_avg_inventory': 54.13902019762013, 'train_time_s': 87.3396463394165}
Testing combo 39: hc=0.5, of=5.0, sp=50.0, lr=0.0001, n_steps=512, batch_size=64
 Result: {'holding_cost': 0.5, 'order_fixed': 5.0, 'stockout_penalty': 50.0, 'learning_rate': 0.0001, 'n_steps': 512, 'n_epochs': 8, 'vf_coef': 0.25, 'ent_coef': 0.0, 'batch_size': 64, 'rl_avg_profit': 285.15772364164116, 'rl_avg_stockouts': 38.42896380396913, 'rl_avg_inventory': 55.281829409664624, 'train_time_s': 114.32005071640015}
Testing combo 40: hc=0.5, of=5.0, sp=50.0, lr=0.0001, n_steps=512, batch_size=64
 Result: {'holding_cost': 0.5, 'order_fixed': 5.0, 'stockout_penalty': 50.0, 'learning_rate': 0.0001, 'n_steps': 512, 'n_epochs': 8, 'vf_coef': 0.25, 'ent_coef': 0.01, 'batch_size': 64, 'rl_avg_profit': 282.83509164782055, 'rl_avg_stockouts': 347.3192031324893, 'rl_avg_inventory': 27.37986471359044, 'train_time_s': 109.98260045051575}
Testing combo 41: hc=0.5, of=5.0, sp=50.0, lr=0.0001, n_steps=2048, batch_size=64
 Result: {'holding_cost': 0.5, 'order_fixed': 5.0, 'stockout_penalty': 50.0, 'learning_rate': 0.0001, 'n_steps': 2048, 'n_epochs': 5, 'vf_coef': 0.25, 'ent_coef': 0.0, 'batch_size': 64, 'rl_avg_profit': 287.7643614170988, 'rl_avg_stockouts': 19.354155631617893, 'rl_avg_inventory': 53.13314121821155, 'train_time_s': 85.44698405265808}
Testing combo 42: hc=0.5, of=5.0, sp=50.0, lr=0.0001, n_steps=2048, batch_size=64
 Result: {'holding_cost': 0.5, 'order_fixed': 5.0, 'stockout_penalty': 50.0, 'learning_rate': 0.0001, 'n_steps': 2048, 'n_epochs': 5, 'vf_coef': 0.25, 'ent_coef': 0.01, 'batch_size': 64, 'rl_avg_profit': 289.87413647573453, 'rl_avg_stockouts': 91.96656795742756, 'rl_avg_inventory': 35.91852708220482, 'train_time_s': 85.87650156021118}
Testing combo 43: hc=0.5, of=5.0, sp=50.0, lr=0.0001, n_steps=2048, batch_size=64
 Result: {'holding_cost': 0.5, 'order_fixed': 5.0, 'stockout_penalty': 50.0, 'learning_rate': 0.0001, 'n_steps': 2048, 'n_epochs': 8, 'vf_coef': 0.25, 'ent_coef': 0.0, 'batch_size': 64, 'rl_avg_profit': 285.6438193693781, 'rl_avg_stockouts': 17.20273723768791, 'rl_avg_inventory': 54.2856663737885, 'train_time_s': 106.29336452484131}
Testing combo 44: hc=0.5, of=5.0, sp=50.0, lr=0.0001, n_steps=2048, batch_size=64
 Result: {'holding_cost': 0.5, 'order_fixed': 5.0, 'stockout_penalty': 50.0, 'learning_rate': 0.0001, 'n_steps': 2048, 'n_epochs': 8, 'vf_coef': 0.25, 'ent_coef': 0.01, 'batch_size': 64, 'rl_avg_profit': 281.1743049986381, 'rl_avg_stockouts': 0.0, 'rl_avg_inventory': 62.765428058153965, 'train_time_s': 106.10876178741455}
Testing combo 45: hc=0.5, of=5.0, sp=50.0, lr=0.0001, n_steps=1024, batch_size=64
 Result: {'holding_cost': 0.5, 'order_fixed': 5.0, 'stockout_penalty': 50.0, 'learning_rate': 0.0001, 'n_steps': 1024, 'n_epochs': 5, 'vf_coef': 0.25, 'ent_coef': 0.0, 'batch_size': 64, 'rl_avg_profit': 293.78255033274235, 'rl_avg_stockouts': 65.72000860744927, 'rl_avg_inventory': 35.13094352748296, 'train_time_s': 83.23999404907227}
Testing combo 46: hc=0.5, of=5.0, sp=50.0, lr=0.0001, n_steps=1024, batch_size=64
 Result: {'holding_cost': 0.5, 'order_fixed': 5.0, 'stockout_penalty': 50.0, 'learning_rate': 0.0001, 'n_steps': 1024, 'n_epochs': 5, 'vf_coef': 0.25, 'ent_coef': 0.01, 'batch_size': 64, 'rl_avg_profit': 297.2238409635999, 'rl_avg_stockouts': 63.33485283929408, 'rl_avg_inventory': 34.939862745885975, 'train_time_s': 91.02742123603821}
Testing combo 47: hc=0.5, of=5.0, sp=50.0, lr=0.0001, n_steps=1024, batch_size=64
 Result: {'holding_cost': 0.5, 'order_fixed': 5.0, 'stockout_penalty': 50.0, 'learning_rate': 0.0001, 'n_steps': 1024, 'n_epochs': 8, 'vf_coef': 0.25, 'ent_coef': 0.0, 'batch_size': 64, 'rl_avg_profit': 276.16374108559955, 'rl_avg_stockouts': 198.39302614871366, 'rl_avg_inventory': 49.70646005787262, 'train_time_s': 103.51004028320312}
Testing combo 48: hc=0.5, of=5.0, sp=50.0, lr=0.0001, n_steps=1024, batch_size=64
 Result: {'holding_cost': 0.5, 'order_fixed': 5.0, 'stockout_penalty': 50.0, 'learning_rate': 0.0001, 'n_steps': 1024, 'n_epochs': 8, 'vf_coef': 0.25, 'ent_coef': 0.01, 'batch_size': 64, 'rl_avg_profit': 284.9870818945054, 'rl_avg_stockouts': 1.139769140904616, 'rl_avg_inventory': 60.79206535861916, 'train_time_s': 110.18036246299744}
Testing combo 49: hc=0.5, of=5.0, sp=100.0, lr=3e-05, n_steps=512, batch_size=64
 Result: {'holding_cost': 0.5, 'order_fixed': 5.0, 'stockout_penalty': 100.0, 'learning_rate': 3e-05, 'n_steps': 512, 'n_epochs': 5, 'vf_coef': 0.25, 'ent_coef': 0.0, 'batch_size': 64, 'rl_avg_profit': 246.4249188830792, 'rl_avg_stockouts': 0.0, 'rl_avg_inventory': 134.5829205196851, 'train_time_s': 86.11289286613464}
Testing combo 50: hc=0.5, of=5.0, sp=100.0, lr=3e-05, n_steps=512, batch_size=64
 Result: {'holding_cost': 0.5, 'order_fixed': 5.0, 'stockout_penalty': 100.0, 'learning_rate': 3e-05, 'n_steps': 512, 'n_epochs': 5, 'vf_coef': 0.25, 'ent_coef': 0.01, 'batch_size': 64, 'rl_avg_profit': 267.26304574213225, 'rl_avg_stockouts': 0.0, 'rl_avg_inventory': 95.2755828815617, 'train_time_s': 86.61766910552979}
Testing combo 51: hc=0.5, of=5.0, sp=100.0, lr=3e-05, n_steps=512, batch_size=64
 Result: {'holding_cost': 0.5, 'order_fixed': 5.0, 'stockout_penalty': 100.0, 'learning_rate': 3e-05, 'n_steps': 512, 'n_epochs': 8, 'vf_coef': 0.25, 'ent_coef': 0.0, 'batch_size': 64, 'rl_avg_profit': 254.56890015132777, 'rl_avg_stockouts': 0.0, 'rl_avg_inventory': 117.01746202860792, 'train_time_s': 110.25338363647461}
Testing combo 52: hc=0.5, of=5.0, sp=100.0, lr=3e-05, n_steps=512, batch_size=64
 Result: {'holding_cost': 0.5, 'order_fixed': 5.0, 'stockout_penalty': 100.0, 'learning_rate': 3e-05, 'n_steps': 512, 'n_epochs': 8, 'vf_coef': 0.25, 'ent_coef': 0.01, 'batch_size': 64, 'rl_avg_profit': 259.7300450260061, 'rl_avg_stockouts': 0.0, 'rl_avg_inventory': 105.20292184908097, 'train_time_s': 109.81644749641418}
Testing combo 53: hc=0.5, of=5.0, sp=100.0, lr=3e-05, n_steps=2048, batch_size=64
 Result: {'holding_cost': 0.5, 'order_fixed': 5.0, 'stockout_penalty': 100.0, 'learning_rate': 3e-05, 'n_steps': 2048, 'n_epochs': 5, 'vf_coef': 0.25, 'ent_coef': 0.0, 'batch_size': 64, 'rl_avg_profit': 267.3866977789794, 'rl_avg_stockouts': 0.0, 'rl_avg_inventory': 95.47270082865676, 'train_time_s': 84.99270129203796}
Testing combo 54: hc=0.5, of=5.0, sp=100.0, lr=3e-05, n_steps=2048, batch_size=64
 Result: {'holding_cost': 0.5, 'order_fixed': 5.0, 'stockout_penalty': 100.0, 'learning_rate': 3e-05, 'n_steps': 2048, 'n_epochs': 5, 'vf_coef': 0.25, 'ent_coef': 0.01, 'batch_size': 64, 'rl_avg_profit': 272.46111890559735, 'rl_avg_stockouts': 0.0, 'rl_avg_inventory': 85.35256236455213, 'train_time_s': 82.62416791915894}
Testing combo 55: hc=0.5, of=5.0, sp=100.0, lr=3e-05, n_steps=2048, batch_size=64
 Result: {'holding_cost': 0.5, 'order_fixed': 5.0, 'stockout_penalty': 100.0, 'learning_rate': 3e-05, 'n_steps': 2048, 'n_epochs': 8, 'vf_coef': 0.25, 'ent_coef': 0.0, 'batch_size': 64, 'rl_avg_profit': 278.93749360197705, 'rl_avg_stockouts': 0.0, 'rl_avg_inventory': 73.2574624675594, 'train_time_s': 106.01856684684753}
Testing combo 56: hc=0.5, of=5.0, sp=100.0, lr=3e-05, n_steps=2048, batch_size=64
 Result: {'holding_cost': 0.5, 'order_fixed': 5.0, 'stockout_penalty': 100.0, 'learning_rate': 3e-05, 'n_steps': 2048, 'n_epochs': 8, 'vf_coef': 0.25, 'ent_coef': 0.01, 'batch_size': 64, 'rl_avg_profit': 275.7643149409622, 'rl_avg_stockouts': 0.0, 'rl_avg_inventory': 79.09076766758749, 'train_time_s': 112.39708852767944}
Testing combo 57: hc=0.5, of=5.0, sp=100.0, lr=3e-05, n_steps=1024, batch_size=64
 Result: {'holding_cost': 0.5, 'order_fixed': 5.0, 'stockout_penalty': 100.0, 'learning_rate': 3e-05, 'n_steps': 1024, 'n_epochs': 5, 'vf_coef': 0.25, 'ent_coef': 0.0, 'batch_size': 64, 'rl_avg_profit': 247.3068345285018, 'rl_avg_stockouts': 0.0, 'rl_avg_inventory': 129.66848706807176, 'train_time_s': 84.94903063774109}
Testing combo 58: hc=0.5, of=5.0, sp=100.0, lr=3e-05, n_steps=1024, batch_size=64
 Result: {'holding_cost': 0.5, 'order_fixed': 5.0, 'stockout_penalty': 100.0, 'learning_rate': 3e-05, 'n_steps': 1024, 'n_epochs': 5, 'vf_coef': 0.25, 'ent_coef': 0.01, 'batch_size': 64, 'rl_avg_profit': 271.75223482008886, 'rl_avg_stockouts': 0.0, 'rl_avg_inventory': 86.89802295005485, 'train_time_s': 81.19427132606506}
Testing combo 59: hc=0.5, of=5.0, sp=100.0, lr=3e-05, n_steps=1024, batch_size=64
 Result: {'holding_cost': 0.5, 'order_fixed': 5.0, 'stockout_penalty': 100.0, 'learning_rate': 3e-05, 'n_steps': 1024, 'n_epochs': 8, 'vf_coef': 0.25, 'ent_coef': 0.0, 'batch_size': 64, 'rl_avg_profit': 280.50346692101806, 'rl_avg_stockouts': 0.0, 'rl_avg_inventory': 70.95614838064533, 'train_time_s': 103.47726130485535}
Testing combo 60: hc=0.5, of=5.0, sp=100.0, lr=3e-05, n_steps=1024, batch_size=64
 Result: {'holding_cost': 0.5, 'order_fixed': 5.0, 'stockout_penalty': 100.0, 'learning_rate': 3e-05, 'n_steps': 1024, 'n_epochs': 8, 'vf_coef': 0.25, 'ent_coef': 0.01, 'batch_size': 64, 'rl_avg_profit': 271.73946251531345, 'rl_avg_stockouts': 0.0, 'rl_avg_inventory': 87.03947999091999, 'train_time_s': 103.5344307422638}
Testing combo 61: hc=0.5, of=5.0, sp=100.0, lr=0.0001, n_steps=512, batch_size=64
 Result: {'holding_cost': 0.5, 'order_fixed': 5.0, 'stockout_penalty': 100.0, 'learning_rate': 0.0001, 'n_steps': 512, 'n_epochs': 5, 'vf_coef': 0.25, 'ent_coef': 0.0, 'batch_size': 64, 'rl_avg_profit': 279.6338318625029, 'rl_avg_stockouts': 0.2045486341557158, 'rl_avg_inventory': 69.38460501892925, 'train_time_s': 81.60755968093872}
Testing combo 62: hc=0.5, of=5.0, sp=100.0, lr=0.0001, n_steps=512, batch_size=64
 Result: {'holding_cost': 0.5, 'order_fixed': 5.0, 'stockout_penalty': 100.0, 'learning_rate': 0.0001, 'n_steps': 512, 'n_epochs': 5, 'vf_coef': 0.25, 'ent_coef': 0.01, 'batch_size': 64, 'rl_avg_profit': 283.74166189425677, 'rl_avg_stockouts': 0.0, 'rl_avg_inventory': 59.536430832327234, 'train_time_s': 82.841064453125}
Testing combo 63: hc=0.5, of=5.0, sp=100.0, lr=0.0001, n_steps=512, batch_size=64
 Result: {'holding_cost': 0.5, 'order_fixed': 5.0, 'stockout_penalty': 100.0, 'learning_rate': 0.0001, 'n_steps': 512, 'n_epochs': 8, 'vf_coef': 0.25, 'ent_coef': 0.0, 'batch_size': 64, 'rl_avg_profit': 263.09006720891557, 'rl_avg_stockouts': 0.0, 'rl_avg_inventory': 100.967555301614, 'train_time_s': 106.55653285980225}
Testing combo 64: hc=0.5, of=5.0, sp=100.0, lr=0.0001, n_steps=512, batch_size=64
 Result: {'holding_cost': 0.5, 'order_fixed': 5.0, 'stockout_penalty': 100.0, 'learning_rate': 0.0001, 'n_steps': 512, 'n_epochs': 8, 'vf_coef': 0.25, 'ent_coef': 0.01, 'batch_size': 64, 'rl_avg_profit': 263.2335892429143, 'rl_avg_stockouts': 72.91999754003145, 'rl_avg_inventory': 82.0924523591342, 'train_time_s': 106.28747129440308}
Testing combo 65: hc=0.5, of=5.0, sp=100.0, lr=0.0001, n_steps=2048, batch_size=64
 Result: {'holding_cost': 0.5, 'order_fixed': 5.0, 'stockout_penalty': 100.0, 'learning_rate': 0.0001, 'n_steps': 2048, 'n_epochs': 5, 'vf_coef': 0.25, 'ent_coef': 0.0, 'batch_size': 64, 'rl_avg_profit': 278.9357144145373, 'rl_avg_stockouts': 0.0, 'rl_avg_inventory': 72.2562390094914, 'train_time_s': 82.92697072029114}
Testing combo 66: hc=0.5, of=5.0, sp=100.0, lr=0.0001, n_steps=2048, batch_size=64
 Result: {'holding_cost': 0.5, 'order_fixed': 5.0, 'stockout_penalty': 100.0, 'learning_rate': 0.0001, 'n_steps': 2048, 'n_epochs': 5, 'vf_coef': 0.25, 'ent_coef': 0.01, 'batch_size': 64, 'rl_avg_profit': 268.315658325238, 'rl_avg_stockouts': 0.0, 'rl_avg_inventory': 84.00173323539839, 'train_time_s': 82.76519560813904}
Testing combo 67: hc=0.5, of=5.0, sp=100.0, lr=0.0001, n_steps=2048, batch_size=64
 Result: {'holding_cost': 0.5, 'order_fixed': 5.0, 'stockout_penalty': 100.0, 'learning_rate': 0.0001, 'n_steps': 2048, 'n_epochs': 8, 'vf_coef': 0.25, 'ent_coef': 0.0, 'batch_size': 64, 'rl_avg_profit': 276.7278066699205, 'rl_avg_stockouts': 0.0, 'rl_avg_inventory': 79.08446047639192, 'train_time_s': 104.6869330406189}
Testing combo 68: hc=0.5, of=5.0, sp=100.0, lr=0.0001, n_steps=2048, batch_size=64
 Result: {'holding_cost': 0.5, 'order_fixed': 5.0, 'stockout_penalty': 100.0, 'learning_rate': 0.0001, 'n_steps': 2048, 'n_epochs': 8, 'vf_coef': 0.25, 'ent_coef': 0.01, 'batch_size': 64, 'rl_avg_profit': 280.589527704107, 'rl_avg_stockouts': 0.0, 'rl_avg_inventory': 75.97076118364726, 'train_time_s': 105.22944641113281}
Testing combo 69: hc=0.5, of=5.0, sp=100.0, lr=0.0001, n_steps=1024, batch_size=64
 Result: {'holding_cost': 0.5, 'order_fixed': 5.0, 'stockout_penalty': 100.0, 'learning_rate': 0.0001, 'n_steps': 1024, 'n_epochs': 5, 'vf_coef': 0.25, 'ent_coef': 0.0, 'batch_size': 64, 'rl_avg_profit': 281.45861440074657, 'rl_avg_stockouts': 11.130349688943586, 'rl_avg_inventory': 61.91570002568911, 'train_time_s': 84.21557807922363}
Testing combo 70: hc=0.5, of=5.0, sp=100.0, lr=0.0001, n_steps=1024, batch_size=64
 Result: {'holding_cost': 0.5, 'order_fixed': 5.0, 'stockout_penalty': 100.0, 'learning_rate': 0.0001, 'n_steps': 1024, 'n_epochs': 5, 'vf_coef': 0.25, 'ent_coef': 0.01, 'batch_size': 64, 'rl_avg_profit': 281.1141816262019, 'rl_avg_stockouts': 12.804779825977231, 'rl_avg_inventory': 65.31302263965345, 'train_time_s': 90.7471375465393}
Testing combo 71: hc=0.5, of=5.0, sp=100.0, lr=0.0001, n_steps=1024, batch_size=64
 Result: {'holding_cost': 0.5, 'order_fixed': 5.0, 'stockout_penalty': 100.0, 'learning_rate': 0.0001, 'n_steps': 1024, 'n_epochs': 8, 'vf_coef': 0.25, 'ent_coef': 0.0, 'batch_size': 64, 'rl_avg_profit': 258.9879443348501, 'rl_avg_stockouts': 0.0, 'rl_avg_inventory': 110.01644747799389, 'train_time_s': 109.24657607078552}
Testing combo 72: hc=0.5, of=5.0, sp=100.0, lr=0.0001, n_steps=1024, batch_size=64
 Result: {'holding_cost': 0.5, 'order_fixed': 5.0, 'stockout_penalty': 100.0, 'learning_rate': 0.0001, 'n_steps': 1024, 'n_epochs': 8, 'vf_coef': 0.25, 'ent_coef': 0.01, 'batch_size': 64, 'rl_avg_profit': 284.33805673881216, 'rl_avg_stockouts': 3.7260013479586496, 'rl_avg_inventory': 62.285144655410555, 'train_time_s': 108.8218309879303}
Testing combo 73: hc=0.5, of=5.0, sp=200.0, lr=3e-05, n_steps=512, batch_size=64
 Result: {'holding_cost': 0.5, 'order_fixed': 5.0, 'stockout_penalty': 200.0, 'learning_rate': 3e-05, 'n_steps': 512, 'n_epochs': 5, 'vf_coef': 0.25, 'ent_coef': 0.0, 'batch_size': 64, 'rl_avg_profit': 223.8839165020157, 'rl_avg_stockouts': 0.0, 'rl_avg_inventory': 175.2691460930811, 'train_time_s': 92.70113754272461}
Testing combo 74: hc=0.5, of=5.0, sp=200.0, lr=3e-05, n_steps=512, batch_size=64
 Result: {'holding_cost': 0.5, 'order_fixed': 5.0, 'stockout_penalty': 200.0, 'learning_rate': 3e-05, 'n_steps': 512, 'n_epochs': 5, 'vf_coef': 0.25, 'ent_coef': 0.01, 'batch_size': 64, 'rl_avg_profit': 233.2089948325914, 'rl_avg_stockouts': 0.0, 'rl_avg_inventory': 151.32801721024185, 'train_time_s': 89.52024817466736}
Testing combo 75: hc=0.5, of=5.0, sp=200.0, lr=3e-05, n_steps=512, batch_size=64
 Result: {'holding_cost': 0.5, 'order_fixed': 5.0, 'stockout_penalty': 200.0, 'learning_rate': 3e-05, 'n_steps': 512, 'n_epochs': 8, 'vf_coef': 0.25, 'ent_coef': 0.0, 'batch_size': 64, 'rl_avg_profit': 248.14769260322632, 'rl_avg_stockouts': 0.0, 'rl_avg_inventory': 123.0275426744435, 'train_time_s': 103.70174384117126}
Testing combo 76: hc=0.5, of=5.0, sp=200.0, lr=3e-05, n_steps=512, batch_size=64
 Result: {'holding_cost': 0.5, 'order_fixed': 5.0, 'stockout_penalty': 200.0, 'learning_rate': 3e-05, 'n_steps': 512, 'n_epochs': 8, 'vf_coef': 0.25, 'ent_coef': 0.01, 'batch_size': 64, 'rl_avg_profit': 246.11699484689774, 'rl_avg_stockouts': 0.0, 'rl_avg_inventory': 135.69874391738682, 'train_time_s': 103.60742521286011}
Testing combo 77: hc=0.5, of=5.0, sp=200.0, lr=3e-05, n_steps=2048, batch_size=64
 Result: {'holding_cost': 0.5, 'order_fixed': 5.0, 'stockout_penalty': 200.0, 'learning_rate': 3e-05, 'n_steps': 2048, 'n_epochs': 5, 'vf_coef': 0.25, 'ent_coef': 0.0, 'batch_size': 64, 'rl_avg_profit': 257.9077762239708, 'rl_avg_stockouts': 0.0, 'rl_avg_inventory': 112.6753919418544, 'train_time_s': 82.78826713562012}
Testing combo 78: hc=0.5, of=5.0, sp=200.0, lr=3e-05, n_steps=2048, batch_size=64
 Result: {'holding_cost': 0.5, 'order_fixed': 5.0, 'stockout_penalty': 200.0, 'learning_rate': 3e-05, 'n_steps': 2048, 'n_epochs': 5, 'vf_coef': 0.25, 'ent_coef': 0.01, 'batch_size': 64, 'rl_avg_profit': 257.69216174297196, 'rl_avg_stockouts': 0.0, 'rl_avg_inventory': 108.92779803550407, 'train_time_s': 82.61719632148743}
Testing combo 79: hc=0.5, of=5.0, sp=200.0, lr=3e-05, n_steps=2048, batch_size=64
 Result: {'holding_cost': 0.5, 'order_fixed': 5.0, 'stockout_penalty': 200.0, 'learning_rate': 3e-05, 'n_steps': 2048, 'n_epochs': 8, 'vf_coef': 0.25, 'ent_coef': 0.0, 'batch_size': 64, 'rl_avg_profit': 266.5448069416698, 'rl_avg_stockouts': 0.0, 'rl_avg_inventory': 94.643885021471, 'train_time_s': 104.68269324302673}
Testing combo 80: hc=0.5, of=5.0, sp=200.0, lr=3e-05, n_steps=2048, batch_size=64
 Result: {'holding_cost': 0.5, 'order_fixed': 5.0, 'stockout_penalty': 200.0, 'learning_rate': 3e-05, 'n_steps': 2048, 'n_epochs': 8, 'vf_coef': 0.25, 'ent_coef': 0.01, 'batch_size': 64, 'rl_avg_profit': 250.48434687013167, 'rl_avg_stockouts': 0.0, 'rl_avg_inventory': 127.31651515176853, 'train_time_s': 105.48249650001526}
Testing combo 81: hc=0.5, of=5.0, sp=200.0, lr=3e-05, n_steps=1024, batch_size=64
 Result: {'holding_cost': 0.5, 'order_fixed': 5.0, 'stockout_penalty': 200.0, 'learning_rate': 3e-05, 'n_steps': 1024, 'n_epochs': 5, 'vf_coef': 0.25, 'ent_coef': 0.0, 'batch_size': 64, 'rl_avg_profit': 234.3039712753968, 'rl_avg_stockouts': 0.0, 'rl_avg_inventory': 149.4465571447921, 'train_time_s': 81.32225680351257}
Testing combo 82: hc=0.5, of=5.0, sp=200.0, lr=3e-05, n_steps=1024, batch_size=64
 Result: {'holding_cost': 0.5, 'order_fixed': 5.0, 'stockout_penalty': 200.0, 'learning_rate': 3e-05, 'n_steps': 1024, 'n_epochs': 5, 'vf_coef': 0.25, 'ent_coef': 0.01, 'batch_size': 64, 'rl_avg_profit': 248.33359341744207, 'rl_avg_stockouts': 0.0, 'rl_avg_inventory': 130.00590374254202, 'train_time_s': 87.16411352157593}
Testing combo 83: hc=0.5, of=5.0, sp=200.0, lr=3e-05, n_steps=1024, batch_size=64
 Result: {'holding_cost': 0.5, 'order_fixed': 5.0, 'stockout_penalty': 200.0, 'learning_rate': 3e-05, 'n_steps': 1024, 'n_epochs': 8, 'vf_coef': 0.25, 'ent_coef': 0.0, 'batch_size': 64, 'rl_avg_profit': 257.96656521167563, 'rl_avg_stockouts': 0.0, 'rl_avg_inventory': 109.41516506665373, 'train_time_s': 120.2042920589447}
Testing combo 84: hc=0.5, of=5.0, sp=200.0, lr=3e-05, n_steps=1024, batch_size=64
 Result: {'holding_cost': 0.5, 'order_fixed': 5.0, 'stockout_penalty': 200.0, 'learning_rate': 3e-05, 'n_steps': 1024, 'n_epochs': 8, 'vf_coef': 0.25, 'ent_coef': 0.01, 'batch_size': 64, 'rl_avg_profit': 250.1655467042504, 'rl_avg_stockouts': 0.0, 'rl_avg_inventory': 126.53973432567022, 'train_time_s': 115.1469988822937}
Testing combo 85: hc=0.5, of=5.0, sp=200.0, lr=0.0001, n_steps=512, batch_size=64
 Result: {'holding_cost': 0.5, 'order_fixed': 5.0, 'stockout_penalty': 200.0, 'learning_rate': 0.0001, 'n_steps': 512, 'n_epochs': 5, 'vf_coef': 0.25, 'ent_coef': 0.0, 'batch_size': 64, 'rl_avg_profit': 242.77524124890934, 'rl_avg_stockouts': 0.0, 'rl_avg_inventory': 130.92772335104746, 'train_time_s': 94.71464514732361}
Testing combo 86: hc=0.5, of=5.0, sp=200.0, lr=0.0001, n_steps=512, batch_size=64
 Result: {'holding_cost': 0.5, 'order_fixed': 5.0, 'stockout_penalty': 200.0, 'learning_rate': 0.0001, 'n_steps': 512, 'n_epochs': 5, 'vf_coef': 0.25, 'ent_coef': 0.01, 'batch_size': 64, 'rl_avg_profit': 269.09964667445496, 'rl_avg_stockouts': 0.0, 'rl_avg_inventory': 86.6573438712342, 'train_time_s': 93.66486167907715}
Testing combo 87: hc=0.5, of=5.0, sp=200.0, lr=0.0001, n_steps=512, batch_size=64
 Result: {'holding_cost': 0.5, 'order_fixed': 5.0, 'stockout_penalty': 200.0, 'learning_rate': 0.0001, 'n_steps': 512, 'n_epochs': 8, 'vf_coef': 0.25, 'ent_coef': 0.0, 'batch_size': 64, 'rl_avg_profit': 227.60682486384948, 'rl_avg_stockouts': 0.0, 'rl_avg_inventory': 166.06450388451142, 'train_time_s': 109.50458097457886}
Testing combo 88: hc=0.5, of=5.0, sp=200.0, lr=0.0001, n_steps=512, batch_size=64
 Result: {'holding_cost': 0.5, 'order_fixed': 5.0, 'stockout_penalty': 200.0, 'learning_rate': 0.0001, 'n_steps': 512, 'n_epochs': 8, 'vf_coef': 0.25, 'ent_coef': 0.01, 'batch_size': 64, 'rl_avg_profit': 251.50287812790134, 'rl_avg_stockouts': 1.220539338887113, 'rl_avg_inventory': 121.93050310108758, 'train_time_s': 110.18228793144226}
Testing combo 89: hc=0.5, of=5.0, sp=200.0, lr=0.0001, n_steps=2048, batch_size=64
 Result: {'holding_cost': 0.5, 'order_fixed': 5.0, 'stockout_penalty': 200.0, 'learning_rate': 0.0001, 'n_steps': 2048, 'n_epochs': 5, 'vf_coef': 0.25, 'ent_coef': 0.0, 'batch_size': 64, 'rl_avg_profit': 276.7542262951631, 'rl_avg_stockouts': 0.0, 'rl_avg_inventory': 75.34044129045043, 'train_time_s': 95.4534740447998}
Testing combo 90: hc=0.5, of=5.0, sp=200.0, lr=0.0001, n_steps=2048, batch_size=64
 Result: {'holding_cost': 0.5, 'order_fixed': 5.0, 'stockout_penalty': 200.0, 'learning_rate': 0.0001, 'n_steps': 2048, 'n_epochs': 5, 'vf_coef': 0.25, 'ent_coef': 0.01, 'batch_size': 64, 'rl_avg_profit': 268.2381852241618, 'rl_avg_stockouts': 0.0, 'rl_avg_inventory': 88.30641215076184, 'train_time_s': 89.10601663589478}
Testing combo 91: hc=0.5, of=5.0, sp=200.0, lr=0.0001, n_steps=2048, batch_size=64
 Result: {'holding_cost': 0.5, 'order_fixed': 5.0, 'stockout_penalty': 200.0, 'learning_rate': 0.0001, 'n_steps': 2048, 'n_epochs': 8, 'vf_coef': 0.25, 'ent_coef': 0.0, 'batch_size': 64, 'rl_avg_profit': 277.6888682249035, 'rl_avg_stockouts': 0.0, 'rl_avg_inventory': 75.85922048908391, 'train_time_s': 116.7911102771759}
Testing combo 92: hc=0.5, of=5.0, sp=200.0, lr=0.0001, n_steps=2048, batch_size=64
 Result: {'holding_cost': 0.5, 'order_fixed': 5.0, 'stockout_penalty': 200.0, 'learning_rate': 0.0001, 'n_steps': 2048, 'n_epochs': 8, 'vf_coef': 0.25, 'ent_coef': 0.01, 'batch_size': 64, 'rl_avg_profit': 272.4172484760149, 'rl_avg_stockouts': 0.0, 'rl_avg_inventory': 82.24769518081457, 'train_time_s': 116.27909779548645}
Testing combo 93: hc=0.5, of=5.0, sp=200.0, lr=0.0001, n_steps=1024, batch_size=64
 Result: {'holding_cost': 0.5, 'order_fixed': 5.0, 'stockout_penalty': 200.0, 'learning_rate': 0.0001, 'n_steps': 1024, 'n_epochs': 5, 'vf_coef': 0.25, 'ent_coef': 0.0, 'batch_size': 64, 'rl_avg_profit': 278.31308179234827, 'rl_avg_stockouts': 5.557176357919493, 'rl_avg_inventory': 75.45255336761474, 'train_time_s': 90.17340898513794}
Testing combo 94: hc=0.5, of=5.0, sp=200.0, lr=0.0001, n_steps=1024, batch_size=64
 Result: {'holding_cost': 0.5, 'order_fixed': 5.0, 'stockout_penalty': 200.0, 'learning_rate': 0.0001, 'n_steps': 1024, 'n_epochs': 5, 'vf_coef': 0.25, 'ent_coef': 0.01, 'batch_size': 64, 'rl_avg_profit': 275.8775839665862, 'rl_avg_stockouts': 52.76639122027602, 'rl_avg_inventory': 53.27590193813794, 'train_time_s': 86.973641872406}
Testing combo 95: hc=0.5, of=5.0, sp=200.0, lr=0.0001, n_steps=1024, batch_size=64
 Result: {'holding_cost': 0.5, 'order_fixed': 5.0, 'stockout_penalty': 200.0, 'learning_rate': 0.0001, 'n_steps': 1024, 'n_epochs': 8, 'vf_coef': 0.25, 'ent_coef': 0.0, 'batch_size': 64, 'rl_avg_profit': 274.6186465898957, 'rl_avg_stockouts': 1.7791177841263504, 'rl_avg_inventory': 77.75149458480209, 'train_time_s': 117.54707503318787}
Testing combo 96: hc=0.5, of=5.0, sp=200.0, lr=0.0001, n_steps=1024, batch_size=64
 Result: {'holding_cost': 0.5, 'order_fixed': 5.0, 'stockout_penalty': 200.0, 'learning_rate': 0.0001, 'n_steps': 1024, 'n_epochs': 8, 'vf_coef': 0.25, 'ent_coef': 0.01, 'batch_size': 64, 'rl_avg_profit': 252.33017159536362, 'rl_avg_stockouts': 0.0, 'rl_avg_inventory': 115.49719366204249, 'train_time_s': 116.31130385398865}
Testing combo 97: hc=0.5, of=20.0, sp=10.0, lr=3e-05, n_steps=512, batch_size=64
 Result: {'holding_cost': 0.5, 'order_fixed': 20.0, 'stockout_penalty': 10.0, 'learning_rate': 3e-05, 'n_steps': 512, 'n_epochs': 5, 'vf_coef': 0.25, 'ent_coef': 0.0, 'batch_size': 64, 'rl_avg_profit': 265.6942502398481, 'rl_avg_stockouts': 1566.749152902595, 'rl_avg_inventory': 20.664741024219826, 'train_time_s': 88.35918521881104}
Testing combo 98: hc=0.5, of=20.0, sp=10.0, lr=3e-05, n_steps=512, batch_size=64
 Result: {'holding_cost': 0.5, 'order_fixed': 20.0, 'stockout_penalty': 10.0, 'learning_rate': 3e-05, 'n_steps': 512, 'n_epochs': 5, 'vf_coef': 0.25, 'ent_coef': 0.01, 'batch_size': 64, 'rl_avg_profit': 274.89060061435555, 'rl_avg_stockouts': 1373.8663244934228, 'rl_avg_inventory': 8.714623645695616, 'train_time_s': 89.81366324424744}
Testing combo 99: hc=0.5, of=20.0, sp=10.0, lr=3e-05, n_steps=512, batch_size=64
 Result: {'holding_cost': 0.5, 'order_fixed': 20.0, 'stockout_penalty': 10.0, 'learning_rate': 3e-05, 'n_steps': 512, 'n_epochs': 8, 'vf_coef': 0.25, 'ent_coef': 0.0, 'batch_size': 64, 'rl_avg_profit': 129.25461383351816, 'rl_avg_stockouts': 6945.186777231762, 'rl_avg_inventory': 29.696849061103716, 'train_time_s': 114.71357774734497}
Testing combo 100: hc=0.5, of=20.0, sp=10.0, lr=3e-05, n_steps=512, batch_size=64
 Result: {'holding_cost': 0.5, 'order_fixed': 20.0, 'stockout_penalty': 10.0, 'learning_rate': 3e-05, 'n_steps': 512, 'n_epochs': 8, 'vf_coef': 0.25, 'ent_coef': 0.01, 'batch_size': 64, 'rl_avg_profit': 135.64021921675027, 'rl_avg_stockouts': 7155.406182237236, 'rl_avg_inventory': 8.302000781649799, 'train_time_s': 116.25729417800903}
Testing combo 101: hc=0.5, of=20.0, sp=10.0, lr=3e-05, n_steps=2048, batch_size=64
 Result: {'holding_cost': 0.5, 'order_fixed': 20.0, 'stockout_penalty': 10.0, 'learning_rate': 3e-05, 'n_steps': 2048, 'n_epochs': 5, 'vf_coef': 0.25, 'ent_coef': 0.0, 'batch_size': 64, 'rl_avg_profit': 295.32834320696907, 'rl_avg_stockouts': 251.3125194194913, 'rl_avg_inventory': 19.929009950062998, 'train_time_s': 90.5465292930603}
Testing combo 102: hc=0.5, of=20.0, sp=10.0, lr=3e-05, n_steps=2048, batch_size=64
 Result: {'holding_cost': 0.5, 'order_fixed': 20.0, 'stockout_penalty': 10.0, 'learning_rate': 3e-05, 'n_steps': 2048, 'n_epochs': 5, 'vf_coef': 0.25, 'ent_coef': 0.01, 'batch_size': 64, 'rl_avg_profit': 145.63203752515554, 'rl_avg_stockouts': 6898.084372486255, 'rl_avg_inventory': 4.993805830720556, 'train_time_s': 89.05226588249207}
Testing combo 103: hc=0.5, of=20.0, sp=10.0, lr=3e-05, n_steps=2048, batch_size=64
 Result: {'holding_cost': 0.5, 'order_fixed': 20.0, 'stockout_penalty': 10.0, 'learning_rate': 3e-05, 'n_steps': 2048, 'n_epochs': 8, 'vf_coef': 0.25, 'ent_coef': 0.0, 'batch_size': 64, 'rl_avg_profit': -17.973726548190776, 'rl_avg_stockouts': 13885.450777611544, 'rl_avg_inventory': 2.074604341760788, 'train_time_s': 113.35194444656372}
Testing combo 104: hc=0.5, of=20.0, sp=10.0, lr=3e-05, n_steps=2048, batch_size=64
 Result: {'holding_cost': 0.5, 'order_fixed': 20.0, 'stockout_penalty': 10.0, 'learning_rate': 3e-05, 'n_steps': 2048, 'n_epochs': 8, 'vf_coef': 0.25, 'ent_coef': 0.01, 'batch_size': 64, 'rl_avg_profit': 247.5646914978529, 'rl_avg_stockouts': 2302.2831884296206, 'rl_avg_inventory': 14.78889306163262, 'train_time_s': 112.22813439369202}
Testing combo 105: hc=0.5, of=20.0, sp=10.0, lr=3e-05, n_steps=1024, batch_size=64
 Result: {'holding_cost': 0.5, 'order_fixed': 20.0, 'stockout_penalty': 10.0, 'learning_rate': 3e-05, 'n_steps': 1024, 'n_epochs': 5, 'vf_coef': 0.25, 'ent_coef': 0.0, 'batch_size': 64, 'rl_avg_profit': 283.4908208714613, 'rl_avg_stockouts': 571.785277318301, 'rl_avg_inventory': 20.54354509614918, 'train_time_s': 87.60381197929382}
Testing combo 106: hc=0.5, of=20.0, sp=10.0, lr=3e-05, n_steps=1024, batch_size=64
 Result: {'holding_cost': 0.5, 'order_fixed': 20.0, 'stockout_penalty': 10.0, 'learning_rate': 3e-05, 'n_steps': 1024, 'n_epochs': 5, 'vf_coef': 0.25, 'ent_coef': 0.01, 'batch_size': 64, 'rl_avg_profit': 294.89797945773364, 'rl_avg_stockouts': 395.8730098150488, 'rl_avg_inventory': 16.85707500027467, 'train_time_s': 86.90105557441711}
Testing combo 107: hc=0.5, of=20.0, sp=10.0, lr=3e-05, n_steps=1024, batch_size=64
 Result: {'holding_cost': 0.5, 'order_fixed': 20.0, 'stockout_penalty': 10.0, 'learning_rate': 3e-05, 'n_steps': 1024, 'n_epochs': 8, 'vf_coef': 0.25, 'ent_coef': 0.0, 'batch_size': 64, 'rl_avg_profit': 155.69670771301293, 'rl_avg_stockouts': 6211.2838888597835, 'rl_avg_inventory': 19.29053648693921, 'train_time_s': 109.71528124809265}
Testing combo 108: hc=0.5, of=20.0, sp=10.0, lr=3e-05, n_steps=1024, batch_size=64
 Result: {'holding_cost': 0.5, 'order_fixed': 20.0, 'stockout_penalty': 10.0, 'learning_rate': 3e-05, 'n_steps': 1024, 'n_epochs': 8, 'vf_coef': 0.25, 'ent_coef': 0.01, 'batch_size': 64, 'rl_avg_profit': 274.9539144145472, 'rl_avg_stockouts': 0.0, 'rl_avg_inventory': 67.34264293931935, 'train_time_s': 110.55363440513611}
Testing combo 109: hc=0.5, of=20.0, sp=10.0, lr=0.0001, n_steps=512, batch_size=64
 Result: {'holding_cost': 0.5, 'order_fixed': 20.0, 'stockout_penalty': 10.0, 'learning_rate': 0.0001, 'n_steps': 512, 'n_epochs': 5, 'vf_coef': 0.25, 'ent_coef': 0.0, 'batch_size': 64, 'rl_avg_profit': 290.51148776240774, 'rl_avg_stockouts': 403.4849345823043, 'rl_avg_inventory': 19.80117907475527, 'train_time_s': 87.78625535964966}
Testing combo 110: hc=0.5, of=20.0, sp=10.0, lr=0.0001, n_steps=512, batch_size=64
 Result: {'holding_cost': 0.5, 'order_fixed': 20.0, 'stockout_penalty': 10.0, 'learning_rate': 0.0001, 'n_steps': 512, 'n_epochs': 5, 'vf_coef': 0.25, 'ent_coef': 0.01, 'batch_size': 64, 'rl_avg_profit': 274.85188206708233, 'rl_avg_stockouts': 1338.954300653329, 'rl_avg_inventory': 14.024428929440067, 'train_time_s': 81.34657263755798}
Testing combo 111: hc=0.5, of=20.0, sp=10.0, lr=0.0001, n_steps=512, batch_size=64
 Result: {'holding_cost': 0.5, 'order_fixed': 20.0, 'stockout_penalty': 10.0, 'learning_rate': 0.0001, 'n_steps': 512, 'n_epochs': 8, 'vf_coef': 0.25, 'ent_coef': 0.0, 'batch_size': 64, 'rl_avg_profit': 240.57711499449528, 'rl_avg_stockouts': 2442.248586288379, 'rl_avg_inventory': 21.879657970158615, 'train_time_s': 104.60371112823486}
Testing combo 112: hc=0.5, of=20.0, sp=10.0, lr=0.0001, n_steps=512, batch_size=64
 Result: {'holding_cost': 0.5, 'order_fixed': 20.0, 'stockout_penalty': 10.0, 'learning_rate': 0.0001, 'n_steps': 512, 'n_epochs': 8, 'vf_coef': 0.25, 'ent_coef': 0.01, 'batch_size': 64, 'rl_avg_profit': 126.70375735857468, 'rl_avg_stockouts': 7216.299905002957, 'rl_avg_inventory': 25.264441987757813, 'train_time_s': 103.31176400184631}
Testing combo 113: hc=0.5, of=20.0, sp=10.0, lr=0.0001, n_steps=2048, batch_size=64
 Result: {'holding_cost': 0.5, 'order_fixed': 20.0, 'stockout_penalty': 10.0, 'learning_rate': 0.0001, 'n_steps': 2048, 'n_epochs': 5, 'vf_coef': 0.25, 'ent_coef': 0.0, 'batch_size': 64, 'rl_avg_profit': 289.656497851485, 'rl_avg_stockouts': 527.8916060811598, 'rl_avg_inventory': 18.841795216096592, 'train_time_s': 81.7091281414032}
Testing combo 114: hc=0.5, of=20.0, sp=10.0, lr=0.0001, n_steps=2048, batch_size=64
 Result: {'holding_cost': 0.5, 'order_fixed': 20.0, 'stockout_penalty': 10.0, 'learning_rate': 0.0001, 'n_steps': 2048, 'n_epochs': 5, 'vf_coef': 0.25, 'ent_coef': 0.01, 'batch_size': 64, 'rl_avg_profit': 287.9487424730236, 'rl_avg_stockouts': 658.8410281157954, 'rl_avg_inventory': 15.694841478785424, 'train_time_s': 82.016934633255}
Testing combo 115: hc=0.5, of=20.0, sp=10.0, lr=0.0001, n_steps=2048, batch_size=64
 Result: {'holding_cost': 0.5, 'order_fixed': 20.0, 'stockout_penalty': 10.0, 'learning_rate': 0.0001, 'n_steps': 2048, 'n_epochs': 8, 'vf_coef': 0.25, 'ent_coef': 0.0, 'batch_size': 64, 'rl_avg_profit': 289.8985672172349, 'rl_avg_stockouts': 351.1585393535087, 'rl_avg_inventory': 29.90873219997099, 'train_time_s': 103.95328664779663}
Testing combo 116: hc=0.5, of=20.0, sp=10.0, lr=0.0001, n_steps=2048, batch_size=64
 Result: {'holding_cost': 0.5, 'order_fixed': 20.0, 'stockout_penalty': 10.0, 'learning_rate': 0.0001, 'n_steps': 2048, 'n_epochs': 8, 'vf_coef': 0.25, 'ent_coef': 0.01, 'batch_size': 64, 'rl_avg_profit': 271.91024968968657, 'rl_avg_stockouts': 1218.2357784132942, 'rl_avg_inventory': 23.7326673156268, 'train_time_s': 103.86380195617676}
Testing combo 117: hc=0.5, of=20.0, sp=10.0, lr=0.0001, n_steps=1024, batch_size=64
 Result: {'holding_cost': 0.5, 'order_fixed': 20.0, 'stockout_penalty': 10.0, 'learning_rate': 0.0001, 'n_steps': 1024, 'n_epochs': 5, 'vf_coef': 0.25, 'ent_coef': 0.0, 'batch_size': 64, 'rl_avg_profit': 256.5386672915025, 'rl_avg_stockouts': 1945.5897230683654, 'rl_avg_inventory': 17.695049810407504, 'train_time_s': 80.3793363571167}
Testing combo 118: hc=0.5, of=20.0, sp=10.0, lr=0.0001, n_steps=1024, batch_size=64
 Result: {'holding_cost': 0.5, 'order_fixed': 20.0, 'stockout_penalty': 10.0, 'learning_rate': 0.0001, 'n_steps': 1024, 'n_epochs': 5, 'vf_coef': 0.25, 'ent_coef': 0.01, 'batch_size': 64, 'rl_avg_profit': 210.94603985350787, 'rl_avg_stockouts': 3912.9739883593343, 'rl_avg_inventory': 12.989924168064169, 'train_time_s': 85.72213935852051}
Testing combo 119: hc=0.5, of=20.0, sp=10.0, lr=0.0001, n_steps=1024, batch_size=64
 Result: {'holding_cost': 0.5, 'order_fixed': 20.0, 'stockout_penalty': 10.0, 'learning_rate': 0.0001, 'n_steps': 1024, 'n_epochs': 8, 'vf_coef': 0.25, 'ent_coef': 0.0, 'batch_size': 64, 'rl_avg_profit': 280.8629012365706, 'rl_avg_stockouts': 767.572660239273, 'rl_avg_inventory': 26.416021131358736, 'train_time_s': 115.02617764472961}
Testing combo 120: hc=0.5, of=20.0, sp=10.0, lr=0.0001, n_steps=1024, batch_size=64
 Result: {'holding_cost': 0.5, 'order_fixed': 20.0, 'stockout_penalty': 10.0, 'learning_rate': 0.0001, 'n_steps': 1024, 'n_epochs': 8, 'vf_coef': 0.25, 'ent_coef': 0.01, 'batch_size': 64, 'rl_avg_profit': 63.951401130083184, 'rl_avg_stockouts': 10257.875294454323, 'rl_avg_inventory': 3.927693633468286, 'train_time_s': 116.09620690345764}
Testing combo 121: hc=0.5, of=20.0, sp=50.0, lr=3e-05, n_steps=512, batch_size=64
 Result: {'holding_cost': 0.5, 'order_fixed': 20.0, 'stockout_penalty': 50.0, 'learning_rate': 3e-05, 'n_steps': 512, 'n_epochs': 5, 'vf_coef': 0.25, 'ent_coef': 0.0, 'batch_size': 64, 'rl_avg_profit': 272.6955209480087, 'rl_avg_stockouts': 1.4133419547866382, 'rl_avg_inventory': 71.67392528586193, 'train_time_s': 92.98668146133423}
Testing combo 122: hc=0.5, of=20.0, sp=50.0, lr=3e-05, n_steps=512, batch_size=64
 Result: {'holding_cost': 0.5, 'order_fixed': 20.0, 'stockout_penalty': 50.0, 'learning_rate': 3e-05, 'n_steps': 512, 'n_epochs': 5, 'vf_coef': 0.25, 'ent_coef': 0.01, 'batch_size': 64, 'rl_avg_profit': 270.38577041039446, 'rl_avg_stockouts': 0.0, 'rl_avg_inventory': 77.45720843798493, 'train_time_s': 88.06432247161865}
Testing combo 123: hc=0.5, of=20.0, sp=50.0, lr=3e-05, n_steps=512, batch_size=64
 Result: {'holding_cost': 0.5, 'order_fixed': 20.0, 'stockout_penalty': 50.0, 'learning_rate': 3e-05, 'n_steps': 512, 'n_epochs': 8, 'vf_coef': 0.25, 'ent_coef': 0.0, 'batch_size': 64, 'rl_avg_profit': 278.76619275442073, 'rl_avg_stockouts': 98.32180911074781, 'rl_avg_inventory': 54.17256555844659, 'train_time_s': 112.59736943244934}
Testing combo 124: hc=0.5, of=20.0, sp=50.0, lr=3e-05, n_steps=512, batch_size=64
 Result: {'holding_cost': 0.5, 'order_fixed': 20.0, 'stockout_penalty': 50.0, 'learning_rate': 3e-05, 'n_steps': 512, 'n_epochs': 8, 'vf_coef': 0.25, 'ent_coef': 0.01, 'batch_size': 64, 'rl_avg_profit': 264.7875864299114, 'rl_avg_stockouts': 0.0, 'rl_avg_inventory': 89.30467001509994, 'train_time_s': 113.69508337974548}
Testing combo 125: hc=0.5, of=20.0, sp=50.0, lr=3e-05, n_steps=2048, batch_size=64
 Result: {'holding_cost': 0.5, 'order_fixed': 20.0, 'stockout_penalty': 50.0, 'learning_rate': 3e-05, 'n_steps': 2048, 'n_epochs': 5, 'vf_coef': 0.25, 'ent_coef': 0.0, 'batch_size': 64, 'rl_avg_profit': 286.72592905763054, 'rl_avg_stockouts': 0.0, 'rl_avg_inventory': 48.658404426052144, 'train_time_s': 95.79096913337708}
Testing combo 126: hc=0.5, of=20.0, sp=50.0, lr=3e-05, n_steps=2048, batch_size=64
 Result: {'holding_cost': 0.5, 'order_fixed': 20.0, 'stockout_penalty': 50.0, 'learning_rate': 3e-05, 'n_steps': 2048, 'n_epochs': 5, 'vf_coef': 0.25, 'ent_coef': 0.01, 'batch_size': 64, 'rl_avg_profit': 276.8324546995111, 'rl_avg_stockouts': 0.0, 'rl_avg_inventory': 66.31418111722765, 'train_time_s': 90.4032084941864}
Testing combo 127: hc=0.5, of=20.0, sp=50.0, lr=3e-05, n_steps=2048, batch_size=64
 Result: {'holding_cost': 0.5, 'order_fixed': 20.0, 'stockout_penalty': 50.0, 'learning_rate': 3e-05, 'n_steps': 2048, 'n_epochs': 8, 'vf_coef': 0.25, 'ent_coef': 0.0, 'batch_size': 64, 'rl_avg_profit': 281.75346457736634, 'rl_avg_stockouts': 45.386220573238845, 'rl_avg_inventory': 51.80932994267712, 'train_time_s': 113.93425989151001}
Testing combo 128: hc=0.5, of=20.0, sp=50.0, lr=3e-05, n_steps=2048, batch_size=64
 Result: {'holding_cost': 0.5, 'order_fixed': 20.0, 'stockout_penalty': 50.0, 'learning_rate': 3e-05, 'n_steps': 2048, 'n_epochs': 8, 'vf_coef': 0.25, 'ent_coef': 0.01, 'batch_size': 64, 'rl_avg_profit': 287.4180311559677, 'rl_avg_stockouts': 0.0, 'rl_avg_inventory': 47.9003802751515, 'train_time_s': 119.11630511283875}
Testing combo 129: hc=0.5, of=20.0, sp=50.0, lr=3e-05, n_steps=1024, batch_size=64
 Result: {'holding_cost': 0.5, 'order_fixed': 20.0, 'stockout_penalty': 50.0, 'learning_rate': 3e-05, 'n_steps': 1024, 'n_epochs': 5, 'vf_coef': 0.25, 'ent_coef': 0.0, 'batch_size': 64, 'rl_avg_profit': 268.3313369406359, 'rl_avg_stockouts': 0.0, 'rl_avg_inventory': 78.86806178471814, 'train_time_s': 97.35109853744507}
Testing combo 130: hc=0.5, of=20.0, sp=50.0, lr=3e-05, n_steps=1024, batch_size=64
 Result: {'holding_cost': 0.5, 'order_fixed': 20.0, 'stockout_penalty': 50.0, 'learning_rate': 3e-05, 'n_steps': 1024, 'n_epochs': 5, 'vf_coef': 0.25, 'ent_coef': 0.01, 'batch_size': 64, 'rl_avg_profit': 259.3128384230061, 'rl_avg_stockouts': 0.0, 'rl_avg_inventory': 99.83877531704837, 'train_time_s': 89.84274077415466}
Testing combo 131: hc=0.5, of=20.0, sp=50.0, lr=3e-05, n_steps=1024, batch_size=64
 Result: {'holding_cost': 0.5, 'order_fixed': 20.0, 'stockout_penalty': 50.0, 'learning_rate': 3e-05, 'n_steps': 1024, 'n_epochs': 8, 'vf_coef': 0.25, 'ent_coef': 0.0, 'batch_size': 64, 'rl_avg_profit': 264.5590737771575, 'rl_avg_stockouts': 0.0, 'rl_avg_inventory': 84.97037771773664, 'train_time_s': 117.96176433563232}
Testing combo 132: hc=0.5, of=20.0, sp=50.0, lr=3e-05, n_steps=1024, batch_size=64
 Result: {'holding_cost': 0.5, 'order_fixed': 20.0, 'stockout_penalty': 50.0, 'learning_rate': 3e-05, 'n_steps': 1024, 'n_epochs': 8, 'vf_coef': 0.25, 'ent_coef': 0.01, 'batch_size': 64, 'rl_avg_profit': 274.6082649007661, 'rl_avg_stockouts': 0.0, 'rl_avg_inventory': 68.90002551980214, 'train_time_s': 111.47524333000183}
Testing combo 133: hc=0.5, of=20.0, sp=50.0, lr=0.0001, n_steps=512, batch_size=64
 Result: {'holding_cost': 0.5, 'order_fixed': 20.0, 'stockout_penalty': 50.0, 'learning_rate': 0.0001, 'n_steps': 512, 'n_epochs': 5, 'vf_coef': 0.25, 'ent_coef': 0.0, 'batch_size': 64, 'rl_avg_profit': 277.16388361900636, 'rl_avg_stockouts': 271.8519166708479, 'rl_avg_inventory': 34.04101964088335, 'train_time_s': 88.66860508918762}
Testing combo 134: hc=0.5, of=20.0, sp=50.0, lr=0.0001, n_steps=512, batch_size=64
 Result: {'holding_cost': 0.5, 'order_fixed': 20.0, 'stockout_penalty': 50.0, 'learning_rate': 0.0001, 'n_steps': 512, 'n_epochs': 5, 'vf_coef': 0.25, 'ent_coef': 0.01, 'batch_size': 64, 'rl_avg_profit': 271.5348288597225, 'rl_avg_stockouts': 0.0, 'rl_avg_inventory': 78.61850882334252, 'train_time_s': 88.5536515712738}
Testing combo 135: hc=0.5, of=20.0, sp=50.0, lr=0.0001, n_steps=512, batch_size=64
 Result: {'holding_cost': 0.5, 'order_fixed': 20.0, 'stockout_penalty': 50.0, 'learning_rate': 0.0001, 'n_steps': 512, 'n_epochs': 8, 'vf_coef': 0.25, 'ent_coef': 0.0, 'batch_size': 64, 'rl_avg_profit': 265.2928650800844, 'rl_avg_stockouts': 141.51308551982984, 'rl_avg_inventory': 70.99658417166094, 'train_time_s': 116.02580833435059}
Testing combo 136: hc=0.5, of=20.0, sp=50.0, lr=0.0001, n_steps=512, batch_size=64
 Result: {'holding_cost': 0.5, 'order_fixed': 20.0, 'stockout_penalty': 50.0, 'learning_rate': 0.0001, 'n_steps': 512, 'n_epochs': 8, 'vf_coef': 0.25, 'ent_coef': 0.01, 'batch_size': 64, 'rl_avg_profit': 280.8877319032361, 'rl_avg_stockouts': 57.595514791218115, 'rl_avg_inventory': 55.17268166424477, 'train_time_s': 117.08821845054626}
Testing combo 137: hc=0.5, of=20.0, sp=50.0, lr=0.0001, n_steps=2048, batch_size=64
 Result: {'holding_cost': 0.5, 'order_fixed': 20.0, 'stockout_penalty': 50.0, 'learning_rate': 0.0001, 'n_steps': 2048, 'n_epochs': 5, 'vf_coef': 0.25, 'ent_coef': 0.0, 'batch_size': 64, 'rl_avg_profit': 287.5516911810663, 'rl_avg_stockouts': 37.57824642052149, 'rl_avg_inventory': 42.02787156444707, 'train_time_s': 94.75962805747986}
Testing combo 138: hc=0.5, of=20.0, sp=50.0, lr=0.0001, n_steps=2048, batch_size=64
 Result: {'holding_cost': 0.5, 'order_fixed': 20.0, 'stockout_penalty': 50.0, 'learning_rate': 0.0001, 'n_steps': 2048, 'n_epochs': 5, 'vf_coef': 0.25, 'ent_coef': 0.01, 'batch_size': 64, 'rl_avg_profit': 285.49703621912505, 'rl_avg_stockouts': 92.8621314645978, 'rl_avg_inventory': 31.44174746591751, 'train_time_s': 86.13346099853516}
Testing combo 139: hc=0.5, of=20.0, sp=50.0, lr=0.0001, n_steps=2048, batch_size=64
 Result: {'holding_cost': 0.5, 'order_fixed': 20.0, 'stockout_penalty': 50.0, 'learning_rate': 0.0001, 'n_steps': 2048, 'n_epochs': 8, 'vf_coef': 0.25, 'ent_coef': 0.0, 'batch_size': 64, 'rl_avg_profit': 281.89418027410704, 'rl_avg_stockouts': 13.327940973440423, 'rl_avg_inventory': 57.42724550325577, 'train_time_s': 109.501460313797}
Testing combo 140: hc=0.5, of=20.0, sp=50.0, lr=0.0001, n_steps=2048, batch_size=64
 Result: {'holding_cost': 0.5, 'order_fixed': 20.0, 'stockout_penalty': 50.0, 'learning_rate': 0.0001, 'n_steps': 2048, 'n_epochs': 8, 'vf_coef': 0.25, 'ent_coef': 0.01, 'batch_size': 64, 'rl_avg_profit': 276.5892243924276, 'rl_avg_stockouts': 94.54709014179691, 'rl_avg_inventory': 53.197712577401774, 'train_time_s': 111.7361810207367}
Testing combo 141: hc=0.5, of=20.0, sp=50.0, lr=0.0001, n_steps=1024, batch_size=64
 Result: {'holding_cost': 0.5, 'order_fixed': 20.0, 'stockout_penalty': 50.0, 'learning_rate': 0.0001, 'n_steps': 1024, 'n_epochs': 5, 'vf_coef': 0.25, 'ent_coef': 0.0, 'batch_size': 64, 'rl_avg_profit': 275.61602575887395, 'rl_avg_stockouts': 0.9202919842632283, 'rl_avg_inventory': 67.29755154753386, 'train_time_s': 84.97413992881775}
Testing combo 142: hc=0.5, of=20.0, sp=50.0, lr=0.0001, n_steps=1024, batch_size=64
 Result: {'holding_cost': 0.5, 'order_fixed': 20.0, 'stockout_penalty': 50.0, 'learning_rate': 0.0001, 'n_steps': 1024, 'n_epochs': 5, 'vf_coef': 0.25, 'ent_coef': 0.01, 'batch_size': 64, 'rl_avg_profit': 289.3306269369688, 'rl_avg_stockouts': 56.04426683002485, 'rl_avg_inventory': 35.87735347199113, 'train_time_s': 86.3858106136322}
Testing combo 143: hc=0.5, of=20.0, sp=50.0, lr=0.0001, n_steps=1024, batch_size=64
 Result: {'holding_cost': 0.5, 'order_fixed': 20.0, 'stockout_penalty': 50.0, 'learning_rate': 0.0001, 'n_steps': 1024, 'n_epochs': 8, 'vf_coef': 0.25, 'ent_coef': 0.0, 'batch_size': 64, 'rl_avg_profit': 276.17305493714724, 'rl_avg_stockouts': 17.57940069914203, 'rl_avg_inventory': 65.2406822350907, 'train_time_s': 114.70244836807251}
Testing combo 144: hc=0.5, of=20.0, sp=50.0, lr=0.0001, n_steps=1024, batch_size=64
 Result: {'holding_cost': 0.5, 'order_fixed': 20.0, 'stockout_penalty': 50.0, 'learning_rate': 0.0001, 'n_steps': 1024, 'n_epochs': 8, 'vf_coef': 0.25, 'ent_coef': 0.01, 'batch_size': 64, 'rl_avg_profit': 277.61364588315513, 'rl_avg_stockouts': 22.3596867418892, 'rl_avg_inventory': 60.108930829191856, 'train_time_s': 113.7881908416748}
Testing combo 145: hc=0.5, of=20.0, sp=100.0, lr=3e-05, n_steps=512, batch_size=64
 Result: {'holding_cost': 0.5, 'order_fixed': 20.0, 'stockout_penalty': 100.0, 'learning_rate': 3e-05, 'n_steps': 512, 'n_epochs': 5, 'vf_coef': 0.25, 'ent_coef': 0.0, 'batch_size': 64, 'rl_avg_profit': 264.41659320587735, 'rl_avg_stockouts': 0.0, 'rl_avg_inventory': 88.96522242297866, 'train_time_s': 86.39150667190552}
Testing combo 146: hc=0.5, of=20.0, sp=100.0, lr=3e-05, n_steps=512, batch_size=64
 Result: {'holding_cost': 0.5, 'order_fixed': 20.0, 'stockout_penalty': 100.0, 'learning_rate': 3e-05, 'n_steps': 512, 'n_epochs': 5, 'vf_coef': 0.25, 'ent_coef': 0.01, 'batch_size': 64, 'rl_avg_profit': 263.1344380926845, 'rl_avg_stockouts': 0.0, 'rl_avg_inventory': 88.08186342840327, 'train_time_s': 86.61548328399658}
Testing combo 147: hc=0.5, of=20.0, sp=100.0, lr=3e-05, n_steps=512, batch_size=64
 Result: {'holding_cost': 0.5, 'order_fixed': 20.0, 'stockout_penalty': 100.0, 'learning_rate': 3e-05, 'n_steps': 512, 'n_epochs': 8, 'vf_coef': 0.25, 'ent_coef': 0.0, 'batch_size': 64, 'rl_avg_profit': 267.9542405807299, 'rl_avg_stockouts': 0.0, 'rl_avg_inventory': 80.73563093838627, 'train_time_s': 104.50104713439941}
Testing combo 148: hc=0.5, of=20.0, sp=100.0, lr=3e-05, n_steps=512, batch_size=64
 Result: {'holding_cost': 0.5, 'order_fixed': 20.0, 'stockout_penalty': 100.0, 'learning_rate': 3e-05, 'n_steps': 512, 'n_epochs': 8, 'vf_coef': 0.25, 'ent_coef': 0.01, 'batch_size': 64, 'rl_avg_profit': 280.46887250791985, 'rl_avg_stockouts': 90.86258912957314, 'rl_avg_inventory': 40.64977509119739, 'train_time_s': 110.59453797340393}
Testing combo 149: hc=0.5, of=20.0, sp=100.0, lr=3e-05, n_steps=2048, batch_size=64
 Result: {'holding_cost': 0.5, 'order_fixed': 20.0, 'stockout_penalty': 100.0, 'learning_rate': 3e-05, 'n_steps': 2048, 'n_epochs': 5, 'vf_coef': 0.25, 'ent_coef': 0.0, 'batch_size': 64, 'rl_avg_profit': 262.8491308652071, 'rl_avg_stockouts': 0.0, 'rl_avg_inventory': 88.59999066287524, 'train_time_s': 90.13837146759033}
Testing combo 150: hc=0.5, of=20.0, sp=100.0, lr=3e-05, n_steps=2048, batch_size=64
 Result: {'holding_cost': 0.5, 'order_fixed': 20.0, 'stockout_penalty': 100.0, 'learning_rate': 3e-05, 'n_steps': 2048, 'n_epochs': 5, 'vf_coef': 0.25, 'ent_coef': 0.01, 'batch_size': 64, 'rl_avg_profit': 278.6700686440298, 'rl_avg_stockouts': 0.4330771909392254, 'rl_avg_inventory': 58.91137950426912, 'train_time_s': 92.65868401527405}
Testing combo 151: hc=0.5, of=20.0, sp=100.0, lr=3e-05, n_steps=2048, batch_size=64
 Result: {'holding_cost': 0.5, 'order_fixed': 20.0, 'stockout_penalty': 100.0, 'learning_rate': 3e-05, 'n_steps': 2048, 'n_epochs': 8, 'vf_coef': 0.25, 'ent_coef': 0.0, 'batch_size': 64, 'rl_avg_profit': 268.69302779077253, 'rl_avg_stockouts': 0.0, 'rl_avg_inventory': 85.95183348146205, 'train_time_s': 116.43544006347656}
Testing combo 152: hc=0.5, of=20.0, sp=100.0, lr=3e-05, n_steps=2048, batch_size=64
 Result: {'holding_cost': 0.5, 'order_fixed': 20.0, 'stockout_penalty': 100.0, 'learning_rate': 3e-05, 'n_steps': 2048, 'n_epochs': 8, 'vf_coef': 0.25, 'ent_coef': 0.01, 'batch_size': 64, 'rl_avg_profit': 260.6652081188721, 'rl_avg_stockouts': 0.0, 'rl_avg_inventory': 93.49106311536816, 'train_time_s': 116.43110394477844}
Testing combo 153: hc=0.5, of=20.0, sp=100.0, lr=3e-05, n_steps=1024, batch_size=64
 Result: {'holding_cost': 0.5, 'order_fixed': 20.0, 'stockout_penalty': 100.0, 'learning_rate': 3e-05, 'n_steps': 1024, 'n_epochs': 5, 'vf_coef': 0.25, 'ent_coef': 0.0, 'batch_size': 64, 'rl_avg_profit': 273.2841868156969, 'rl_avg_stockouts': 0.0, 'rl_avg_inventory': 71.6178737650832, 'train_time_s': 87.6160192489624}
Testing combo 154: hc=0.5, of=20.0, sp=100.0, lr=3e-05, n_steps=1024, batch_size=64
 Result: {'holding_cost': 0.5, 'order_fixed': 20.0, 'stockout_penalty': 100.0, 'learning_rate': 3e-05, 'n_steps': 1024, 'n_epochs': 5, 'vf_coef': 0.25, 'ent_coef': 0.01, 'batch_size': 64, 'rl_avg_profit': 261.56642216908574, 'rl_avg_stockouts': 0.0, 'rl_avg_inventory': 93.05535457245291, 'train_time_s': 92.19724416732788}
Testing combo 155: hc=0.5, of=20.0, sp=100.0, lr=3e-05, n_steps=1024, batch_size=64
 Result: {'holding_cost': 0.5, 'order_fixed': 20.0, 'stockout_penalty': 100.0, 'learning_rate': 3e-05, 'n_steps': 1024, 'n_epochs': 8, 'vf_coef': 0.25, 'ent_coef': 0.0, 'batch_size': 64, 'rl_avg_profit': 244.21377960075318, 'rl_avg_stockouts': 0.0, 'rl_avg_inventory': 124.51366112277933, 'train_time_s': 115.64557576179504}
Testing combo 156: hc=0.5, of=20.0, sp=100.0, lr=3e-05, n_steps=1024, batch_size=64
 Result: {'holding_cost': 0.5, 'order_fixed': 20.0, 'stockout_penalty': 100.0, 'learning_rate': 3e-05, 'n_steps': 1024, 'n_epochs': 8, 'vf_coef': 0.25, 'ent_coef': 0.01, 'batch_size': 64, 'rl_avg_profit': 265.82859200567026, 'rl_avg_stockouts': 0.0, 'rl_avg_inventory': 83.2257963248475, 'train_time_s': 119.01261901855469}
Testing combo 157: hc=0.5, of=20.0, sp=100.0, lr=0.0001, n_steps=512, batch_size=64
 Result: {'holding_cost': 0.5, 'order_fixed': 20.0, 'stockout_penalty': 100.0, 'learning_rate': 0.0001, 'n_steps': 512, 'n_epochs': 5, 'vf_coef': 0.25, 'ent_coef': 0.0, 'batch_size': 64, 'rl_avg_profit': 250.69087413886254, 'rl_avg_stockouts': 0.0, 'rl_avg_inventory': 108.59452696081709, 'train_time_s': 90.58585786819458}
Testing combo 158: hc=0.5, of=20.0, sp=100.0, lr=0.0001, n_steps=512, batch_size=64
 Result: {'holding_cost': 0.5, 'order_fixed': 20.0, 'stockout_penalty': 100.0, 'learning_rate': 0.0001, 'n_steps': 512, 'n_epochs': 5, 'vf_coef': 0.25, 'ent_coef': 0.01, 'batch_size': 64, 'rl_avg_profit': 272.6738933247364, 'rl_avg_stockouts': 0.0, 'rl_avg_inventory': 71.02206300604834, 'train_time_s': 89.26491451263428}
Testing combo 159: hc=0.5, of=20.0, sp=100.0, lr=0.0001, n_steps=512, batch_size=64
 Result: {'holding_cost': 0.5, 'order_fixed': 20.0, 'stockout_penalty': 100.0, 'learning_rate': 0.0001, 'n_steps': 512, 'n_epochs': 8, 'vf_coef': 0.25, 'ent_coef': 0.0, 'batch_size': 64, 'rl_avg_profit': 256.3615502801618, 'rl_avg_stockouts': 0.0, 'rl_avg_inventory': 107.18933864227714, 'train_time_s': 114.61681270599365}
Testing combo 160: hc=0.5, of=20.0, sp=100.0, lr=0.0001, n_steps=512, batch_size=64
 Result: {'holding_cost': 0.5, 'order_fixed': 20.0, 'stockout_penalty': 100.0, 'learning_rate': 0.0001, 'n_steps': 512, 'n_epochs': 8, 'vf_coef': 0.25, 'ent_coef': 0.01, 'batch_size': 64, 'rl_avg_profit': 258.74391507983694, 'rl_avg_stockouts': 0.0, 'rl_avg_inventory': 99.7588371026026, 'train_time_s': 117.07542014122009}
Testing combo 161: hc=0.5, of=20.0, sp=100.0, lr=0.0001, n_steps=2048, batch_size=64
 Result: {'holding_cost': 0.5, 'order_fixed': 20.0, 'stockout_penalty': 100.0, 'learning_rate': 0.0001, 'n_steps': 2048, 'n_epochs': 5, 'vf_coef': 0.25, 'ent_coef': 0.0, 'batch_size': 64, 'rl_avg_profit': 278.92741537813646, 'rl_avg_stockouts': 0.0, 'rl_avg_inventory': 57.9702586730539, 'train_time_s': 95.57658576965332}
Testing combo 162: hc=0.5, of=20.0, sp=100.0, lr=0.0001, n_steps=2048, batch_size=64
 Result: {'holding_cost': 0.5, 'order_fixed': 20.0, 'stockout_penalty': 100.0, 'learning_rate': 0.0001, 'n_steps': 2048, 'n_epochs': 5, 'vf_coef': 0.25, 'ent_coef': 0.01, 'batch_size': 64, 'rl_avg_profit': 269.865470642323, 'rl_avg_stockouts': 2.6483107905414984, 'rl_avg_inventory': 77.12120010166952, 'train_time_s': 92.02133107185364}
Testing combo 163: hc=0.5, of=20.0, sp=100.0, lr=0.0001, n_steps=2048, batch_size=64
 Result: {'holding_cost': 0.5, 'order_fixed': 20.0, 'stockout_penalty': 100.0, 'learning_rate': 0.0001, 'n_steps': 2048, 'n_epochs': 8, 'vf_coef': 0.25, 'ent_coef': 0.0, 'batch_size': 64, 'rl_avg_profit': 272.5221399948108, 'rl_avg_stockouts': 0.0, 'rl_avg_inventory': 66.5149178826319, 'train_time_s': 117.80182313919067}
Testing combo 164: hc=0.5, of=20.0, sp=100.0, lr=0.0001, n_steps=2048, batch_size=64
 Result: {'holding_cost': 0.5, 'order_fixed': 20.0, 'stockout_penalty': 100.0, 'learning_rate': 0.0001, 'n_steps': 2048, 'n_epochs': 8, 'vf_coef': 0.25, 'ent_coef': 0.01, 'batch_size': 64, 'rl_avg_profit': 269.4768165891705, 'rl_avg_stockouts': 3.9730992120376825, 'rl_avg_inventory': 78.09124656781759, 'train_time_s': 115.32302951812744}
Testing combo 165: hc=0.5, of=20.0, sp=100.0, lr=0.0001, n_steps=1024, batch_size=64
 Result: {'holding_cost': 0.5, 'order_fixed': 20.0, 'stockout_penalty': 100.0, 'learning_rate': 0.0001, 'n_steps': 1024, 'n_epochs': 5, 'vf_coef': 0.25, 'ent_coef': 0.0, 'batch_size': 64, 'rl_avg_profit': 261.5920194460627, 'rl_avg_stockouts': 0.0, 'rl_avg_inventory': 92.19085317324286, 'train_time_s': 93.0590705871582}
Testing combo 166: hc=0.5, of=20.0, sp=100.0, lr=0.0001, n_steps=1024, batch_size=64
 Result: {'holding_cost': 0.5, 'order_fixed': 20.0, 'stockout_penalty': 100.0, 'learning_rate': 0.0001, 'n_steps': 1024, 'n_epochs': 5, 'vf_coef': 0.25, 'ent_coef': 0.01, 'batch_size': 64, 'rl_avg_profit': 280.4742730829758, 'rl_avg_stockouts': 0.0, 'rl_avg_inventory': 63.41463286935466, 'train_time_s': 91.4825553894043}
Testing combo 167: hc=0.5, of=20.0, sp=100.0, lr=0.0001, n_steps=1024, batch_size=64
 Result: {'holding_cost': 0.5, 'order_fixed': 20.0, 'stockout_penalty': 100.0, 'learning_rate': 0.0001, 'n_steps': 1024, 'n_epochs': 8, 'vf_coef': 0.25, 'ent_coef': 0.0, 'batch_size': 64, 'rl_avg_profit': 280.22194275785654, 'rl_avg_stockouts': 2.6851334245225162, 'rl_avg_inventory': 60.051792017270444, 'train_time_s': 119.71894407272339}
Testing combo 168: hc=0.5, of=20.0, sp=100.0, lr=0.0001, n_steps=1024, batch_size=64
 Result: {'holding_cost': 0.5, 'order_fixed': 20.0, 'stockout_penalty': 100.0, 'learning_rate': 0.0001, 'n_steps': 1024, 'n_epochs': 8, 'vf_coef': 0.25, 'ent_coef': 0.01, 'batch_size': 64, 'rl_avg_profit': 266.9010406318421, 'rl_avg_stockouts': 0.0, 'rl_avg_inventory': 80.04613477837549, 'train_time_s': 117.66734504699707}
Testing combo 169: hc=0.5, of=20.0, sp=200.0, lr=3e-05, n_steps=512, batch_size=64
 Result: {'holding_cost': 0.5, 'order_fixed': 20.0, 'stockout_penalty': 200.0, 'learning_rate': 3e-05, 'n_steps': 512, 'n_epochs': 5, 'vf_coef': 0.25, 'ent_coef': 0.0, 'batch_size': 64, 'rl_avg_profit': 228.75052893718345, 'rl_avg_stockouts': 0.0, 'rl_avg_inventory': 154.36323096706442, 'train_time_s': 89.50456285476685}
Testing combo 170: hc=0.5, of=20.0, sp=200.0, lr=3e-05, n_steps=512, batch_size=64
 Result: {'holding_cost': 0.5, 'order_fixed': 20.0, 'stockout_penalty': 200.0, 'learning_rate': 3e-05, 'n_steps': 512, 'n_epochs': 5, 'vf_coef': 0.25, 'ent_coef': 0.01, 'batch_size': 64, 'rl_avg_profit': 256.5401537438028, 'rl_avg_stockouts': 0.0, 'rl_avg_inventory': 101.40451922272982, 'train_time_s': 87.52146100997925}
Testing combo 171: hc=0.5, of=20.0, sp=200.0, lr=3e-05, n_steps=512, batch_size=64
 Result: {'holding_cost': 0.5, 'order_fixed': 20.0, 'stockout_penalty': 200.0, 'learning_rate': 3e-05, 'n_steps': 512, 'n_epochs': 8, 'vf_coef': 0.25, 'ent_coef': 0.0, 'batch_size': 64, 'rl_avg_profit': 243.53897749578738, 'rl_avg_stockouts': 0.0, 'rl_avg_inventory': 127.11095698526461, 'train_time_s': 113.9577796459198}
Testing combo 172: hc=0.5, of=20.0, sp=200.0, lr=3e-05, n_steps=512, batch_size=64
 Result: {'holding_cost': 0.5, 'order_fixed': 20.0, 'stockout_penalty': 200.0, 'learning_rate': 3e-05, 'n_steps': 512, 'n_epochs': 8, 'vf_coef': 0.25, 'ent_coef': 0.01, 'batch_size': 64, 'rl_avg_profit': 256.6697780944561, 'rl_avg_stockouts': 0.0, 'rl_avg_inventory': 102.00511916905234, 'train_time_s': 125.69784641265869}
Testing combo 173: hc=0.5, of=20.0, sp=200.0, lr=3e-05, n_steps=2048, batch_size=64
 Result: {'holding_cost': 0.5, 'order_fixed': 20.0, 'stockout_penalty': 200.0, 'learning_rate': 3e-05, 'n_steps': 2048, 'n_epochs': 5, 'vf_coef': 0.25, 'ent_coef': 0.0, 'batch_size': 64, 'rl_avg_profit': 248.0600559300273, 'rl_avg_stockouts': 0.0, 'rl_avg_inventory': 116.42701208663314, 'train_time_s': 90.75397992134094}
Testing combo 174: hc=0.5, of=20.0, sp=200.0, lr=3e-05, n_steps=2048, batch_size=64
 Result: {'holding_cost': 0.5, 'order_fixed': 20.0, 'stockout_penalty': 200.0, 'learning_rate': 3e-05, 'n_steps': 2048, 'n_epochs': 5, 'vf_coef': 0.25, 'ent_coef': 0.01, 'batch_size': 64, 'rl_avg_profit': 252.98941688303157, 'rl_avg_stockouts': 0.0, 'rl_avg_inventory': 105.47700460355574, 'train_time_s': 91.71374249458313}
Testing combo 175: hc=0.5, of=20.0, sp=200.0, lr=3e-05, n_steps=2048, batch_size=64
 Result: {'holding_cost': 0.5, 'order_fixed': 20.0, 'stockout_penalty': 200.0, 'learning_rate': 3e-05, 'n_steps': 2048, 'n_epochs': 8, 'vf_coef': 0.25, 'ent_coef': 0.0, 'batch_size': 64, 'rl_avg_profit': 274.723340183512, 'rl_avg_stockouts': 0.0, 'rl_avg_inventory': 67.61787013955313, 'train_time_s': 107.30454444885254}
Testing combo 176: hc=0.5, of=20.0, sp=200.0, lr=3e-05, n_steps=2048, batch_size=64
 Result: {'holding_cost': 0.5, 'order_fixed': 20.0, 'stockout_penalty': 200.0, 'learning_rate': 3e-05, 'n_steps': 2048, 'n_epochs': 8, 'vf_coef': 0.25, 'ent_coef': 0.01, 'batch_size': 64, 'rl_avg_profit': 254.23245182108082, 'rl_avg_stockouts': 0.0, 'rl_avg_inventory': 105.06665681185787, 'train_time_s': 107.2580885887146}
Testing combo 177: hc=0.5, of=20.0, sp=200.0, lr=3e-05, n_steps=1024, batch_size=64
 Result: {'holding_cost': 0.5, 'order_fixed': 20.0, 'stockout_penalty': 200.0, 'learning_rate': 3e-05, 'n_steps': 1024, 'n_epochs': 5, 'vf_coef': 0.25, 'ent_coef': 0.0, 'batch_size': 64, 'rl_avg_profit': 244.19336146233664, 'rl_avg_stockouts': 0.0, 'rl_avg_inventory': 124.09465832017872, 'train_time_s': 85.92965769767761}
Testing combo 178: hc=0.5, of=20.0, sp=200.0, lr=3e-05, n_steps=1024, batch_size=64
 Result: {'holding_cost': 0.5, 'order_fixed': 20.0, 'stockout_penalty': 200.0, 'learning_rate': 3e-05, 'n_steps': 1024, 'n_epochs': 5, 'vf_coef': 0.25, 'ent_coef': 0.01, 'batch_size': 64, 'rl_avg_profit': 249.8401354391289, 'rl_avg_stockouts': 0.0, 'rl_avg_inventory': 113.64618496829516, 'train_time_s': 86.01670479774475}
Testing combo 179: hc=0.5, of=20.0, sp=200.0, lr=3e-05, n_steps=1024, batch_size=64
 Result: {'holding_cost': 0.5, 'order_fixed': 20.0, 'stockout_penalty': 200.0, 'learning_rate': 3e-05, 'n_steps': 1024, 'n_epochs': 8, 'vf_coef': 0.25, 'ent_coef': 0.0, 'batch_size': 64, 'rl_avg_profit': 249.6287399656605, 'rl_avg_stockouts': 0.0, 'rl_avg_inventory': 118.32320058744247, 'train_time_s': 102.74605917930603}
Testing combo 180: hc=0.5, of=20.0, sp=200.0, lr=3e-05, n_steps=1024, batch_size=64
 Result: {'holding_cost': 0.5, 'order_fixed': 20.0, 'stockout_penalty': 200.0, 'learning_rate': 3e-05, 'n_steps': 1024, 'n_epochs': 8, 'vf_coef': 0.25, 'ent_coef': 0.01, 'batch_size': 64, 'rl_avg_profit': 258.50824288571886, 'rl_avg_stockouts': 0.0, 'rl_avg_inventory': 104.6361074620077, 'train_time_s': 102.66797733306885}
Testing combo 181: hc=0.5, of=20.0, sp=200.0, lr=0.0001, n_steps=512, batch_size=64
 Result: {'holding_cost': 0.5, 'order_fixed': 20.0, 'stockout_penalty': 200.0, 'learning_rate': 0.0001, 'n_steps': 512, 'n_epochs': 5, 'vf_coef': 0.25, 'ent_coef': 0.0, 'batch_size': 64, 'rl_avg_profit': 269.4364929564395, 'rl_avg_stockouts': 0.0, 'rl_avg_inventory': 79.762827050196, 'train_time_s': 80.72361755371094}
Testing combo 182: hc=0.5, of=20.0, sp=200.0, lr=0.0001, n_steps=512, batch_size=64
 Result: {'holding_cost': 0.5, 'order_fixed': 20.0, 'stockout_penalty': 200.0, 'learning_rate': 0.0001, 'n_steps': 512, 'n_epochs': 5, 'vf_coef': 0.25, 'ent_coef': 0.01, 'batch_size': 64, 'rl_avg_profit': 256.7525682764725, 'rl_avg_stockouts': 0.0, 'rl_avg_inventory': 104.03768441187192, 'train_time_s': 87.87565231323242}
Testing combo 183: hc=0.5, of=20.0, sp=200.0, lr=0.0001, n_steps=512, batch_size=64
 Result: {'holding_cost': 0.5, 'order_fixed': 20.0, 'stockout_penalty': 200.0, 'learning_rate': 0.0001, 'n_steps': 512, 'n_epochs': 8, 'vf_coef': 0.25, 'ent_coef': 0.0, 'batch_size': 64, 'rl_avg_profit': 249.22162405478406, 'rl_avg_stockouts': 0.0, 'rl_avg_inventory': 122.23657531320232, 'train_time_s': 109.47852087020874}
Testing combo 184: hc=0.5, of=20.0, sp=200.0, lr=0.0001, n_steps=512, batch_size=64
 Result: {'holding_cost': 0.5, 'order_fixed': 20.0, 'stockout_penalty': 200.0, 'learning_rate': 0.0001, 'n_steps': 512, 'n_epochs': 8, 'vf_coef': 0.25, 'ent_coef': 0.01, 'batch_size': 64, 'rl_avg_profit': 268.5904795752563, 'rl_avg_stockouts': 4.320470343986202, 'rl_avg_inventory': 82.44764566499893, 'train_time_s': 109.15085554122925}
Testing combo 185: hc=0.5, of=20.0, sp=200.0, lr=0.0001, n_steps=2048, batch_size=64
 Result: {'holding_cost': 0.5, 'order_fixed': 20.0, 'stockout_penalty': 200.0, 'learning_rate': 0.0001, 'n_steps': 2048, 'n_epochs': 5, 'vf_coef': 0.25, 'ent_coef': 0.0, 'batch_size': 64, 'rl_avg_profit': 272.86331344135306, 'rl_avg_stockouts': 2.006748080206357, 'rl_avg_inventory': 75.0239568997736, 'train_time_s': 86.86691498756409}
Testing combo 186: hc=0.5, of=20.0, sp=200.0, lr=0.0001, n_steps=2048, batch_size=64
 Result: {'holding_cost': 0.5, 'order_fixed': 20.0, 'stockout_penalty': 200.0, 'learning_rate': 0.0001, 'n_steps': 2048, 'n_epochs': 5, 'vf_coef': 0.25, 'ent_coef': 0.01, 'batch_size': 64, 'rl_avg_profit': 270.8338411433766, 'rl_avg_stockouts': 0.0, 'rl_avg_inventory': 82.46426129693855, 'train_time_s': 86.11561846733093}
Testing combo 187: hc=0.5, of=20.0, sp=200.0, lr=0.0001, n_steps=2048, batch_size=64
 Result: {'holding_cost': 0.5, 'order_fixed': 20.0, 'stockout_penalty': 200.0, 'learning_rate': 0.0001, 'n_steps': 2048, 'n_epochs': 8, 'vf_coef': 0.25, 'ent_coef': 0.0, 'batch_size': 64, 'rl_avg_profit': 276.2278652828986, 'rl_avg_stockouts': 0.0, 'rl_avg_inventory': 69.15605346679686, 'train_time_s': 108.75103282928467}
Testing combo 188: hc=0.5, of=20.0, sp=200.0, lr=0.0001, n_steps=2048, batch_size=64
 Result: {'holding_cost': 0.5, 'order_fixed': 20.0, 'stockout_penalty': 200.0, 'learning_rate': 0.0001, 'n_steps': 2048, 'n_epochs': 8, 'vf_coef': 0.25, 'ent_coef': 0.01, 'batch_size': 64, 'rl_avg_profit': 263.48910760026985, 'rl_avg_stockouts': 0.0, 'rl_avg_inventory': 88.60944722423815, 'train_time_s': 109.66216135025024}
Testing combo 189: hc=0.5, of=20.0, sp=200.0, lr=0.0001, n_steps=1024, batch_size=64
 Result: {'holding_cost': 0.5, 'order_fixed': 20.0, 'stockout_penalty': 200.0, 'learning_rate': 0.0001, 'n_steps': 1024, 'n_epochs': 5, 'vf_coef': 0.25, 'ent_coef': 0.0, 'batch_size': 64, 'rl_avg_profit': 266.8691500153526, 'rl_avg_stockouts': 0.0, 'rl_avg_inventory': 86.27446097178002, 'train_time_s': 89.67402291297913}
Testing combo 190: hc=0.5, of=20.0, sp=200.0, lr=0.0001, n_steps=1024, batch_size=64
 Result: {'holding_cost': 0.5, 'order_fixed': 20.0, 'stockout_penalty': 200.0, 'learning_rate': 0.0001, 'n_steps': 1024, 'n_epochs': 5, 'vf_coef': 0.25, 'ent_coef': 0.01, 'batch_size': 64, 'rl_avg_profit': 266.27072887974947, 'rl_avg_stockouts': 0.0, 'rl_avg_inventory': 87.03256892792167, 'train_time_s': 86.90858697891235}
Testing combo 191: hc=0.5, of=20.0, sp=200.0, lr=0.0001, n_steps=1024, batch_size=64
 Result: {'holding_cost': 0.5, 'order_fixed': 20.0, 'stockout_penalty': 200.0, 'learning_rate': 0.0001, 'n_steps': 1024, 'n_epochs': 8, 'vf_coef': 0.25, 'ent_coef': 0.0, 'batch_size': 64, 'rl_avg_profit': 246.26492643114585, 'rl_avg_stockouts': 0.0, 'rl_avg_inventory': 116.57726005240661, 'train_time_s': 102.94945812225342}
Testing combo 192: hc=0.5, of=20.0, sp=200.0, lr=0.0001, n_steps=1024, batch_size=64
 Result: {'holding_cost': 0.5, 'order_fixed': 20.0, 'stockout_penalty': 200.0, 'learning_rate': 0.0001, 'n_steps': 1024, 'n_epochs': 8, 'vf_coef': 0.25, 'ent_coef': 0.01, 'batch_size': 64, 'rl_avg_profit': 278.0896076959522, 'rl_avg_stockouts': 0.0, 'rl_avg_inventory': 67.86284748547698, 'train_time_s': 111.26483988761902}
Testing combo 193: hc=0.5, of=30.0, sp=10.0, lr=3e-05, n_steps=512, batch_size=64
 Result: {'holding_cost': 0.5, 'order_fixed': 30.0, 'stockout_penalty': 10.0, 'learning_rate': 3e-05, 'n_steps': 512, 'n_epochs': 5, 'vf_coef': 0.25, 'ent_coef': 0.0, 'batch_size': 64, 'rl_avg_profit': 289.63720724285395, 'rl_avg_stockouts': 443.89167031140823, 'rl_avg_inventory': 13.709684214918582, 'train_time_s': 90.08597230911255}
Testing combo 194: hc=0.5, of=30.0, sp=10.0, lr=3e-05, n_steps=512, batch_size=64
 Result: {'holding_cost': 0.5, 'order_fixed': 30.0, 'stockout_penalty': 10.0, 'learning_rate': 3e-05, 'n_steps': 512, 'n_epochs': 5, 'vf_coef': 0.25, 'ent_coef': 0.01, 'batch_size': 64, 'rl_avg_profit': 256.57072857259675, 'rl_avg_stockouts': 1943.4719935241942, 'rl_avg_inventory': 11.243718855661175, 'train_time_s': 86.39050245285034}
Testing combo 195: hc=0.5, of=30.0, sp=10.0, lr=3e-05, n_steps=512, batch_size=64
 Result: {'holding_cost': 0.5, 'order_fixed': 30.0, 'stockout_penalty': 10.0, 'learning_rate': 3e-05, 'n_steps': 512, 'n_epochs': 8, 'vf_coef': 0.25, 'ent_coef': 0.0, 'batch_size': 64, 'rl_avg_profit': 201.09240413423467, 'rl_avg_stockouts': 4326.990459707667, 'rl_avg_inventory': 9.759696834642593, 'train_time_s': 105.79965281486511}
Testing combo 196: hc=0.5, of=30.0, sp=10.0, lr=3e-05, n_steps=512, batch_size=64
 Result: {'holding_cost': 0.5, 'order_fixed': 30.0, 'stockout_penalty': 10.0, 'learning_rate': 3e-05, 'n_steps': 512, 'n_epochs': 8, 'vf_coef': 0.25, 'ent_coef': 0.01, 'batch_size': 64, 'rl_avg_profit': 134.3061965773451, 'rl_avg_stockouts': 6608.964726385666, 'rl_avg_inventory': 30.79866435743358, 'train_time_s': 106.13667368888855}
Testing combo 197: hc=0.5, of=30.0, sp=10.0, lr=3e-05, n_steps=2048, batch_size=64
 Result: {'holding_cost': 0.5, 'order_fixed': 30.0, 'stockout_penalty': 10.0, 'learning_rate': 3e-05, 'n_steps': 2048, 'n_epochs': 5, 'vf_coef': 0.25, 'ent_coef': 0.0, 'batch_size': 64, 'rl_avg_profit': 185.9732162571152, 'rl_avg_stockouts': 5033.017258011202, 'rl_avg_inventory': 7.026141185971258, 'train_time_s': 84.86796140670776}
Testing combo 198: hc=0.5, of=30.0, sp=10.0, lr=3e-05, n_steps=2048, batch_size=64
 Result: {'holding_cost': 0.5, 'order_fixed': 30.0, 'stockout_penalty': 10.0, 'learning_rate': 3e-05, 'n_steps': 2048, 'n_epochs': 5, 'vf_coef': 0.25, 'ent_coef': 0.01, 'batch_size': 64, 'rl_avg_profit': 238.6039194518175, 'rl_avg_stockouts': 2630.6045887815408, 'rl_avg_inventory': 13.441168473346593, 'train_time_s': 84.7606213092804}
Testing combo 199: hc=0.5, of=30.0, sp=10.0, lr=3e-05, n_steps=2048, batch_size=64
 Result: {'holding_cost': 0.5, 'order_fixed': 30.0, 'stockout_penalty': 10.0, 'learning_rate': 3e-05, 'n_steps': 2048, 'n_epochs': 8, 'vf_coef': 0.25, 'ent_coef': 0.0, 'batch_size': 64, 'rl_avg_profit': 287.1250494016755, 'rl_avg_stockouts': 673.434708917728, 'rl_avg_inventory': 14.68182257394064, 'train_time_s': 107.42068791389465}
Testing combo 200: hc=0.5, of=30.0, sp=10.0, lr=3e-05, n_steps=2048, batch_size=64
 Result: {'holding_cost': 0.5, 'order_fixed': 30.0, 'stockout_penalty': 10.0, 'learning_rate': 3e-05, 'n_steps': 2048, 'n_epochs': 8, 'vf_coef': 0.25, 'ent_coef': 0.01, 'batch_size': 64, 'rl_avg_profit': 147.17848626940003, 'rl_avg_stockouts': 6653.95915699894, 'rl_avg_inventory': 6.286905085668989, 'train_time_s': 108.6407413482666}
Testing combo 201: hc=0.5, of=30.0, sp=10.0, lr=3e-05, n_steps=1024, batch_size=64
 Result: {'holding_cost': 0.5, 'order_fixed': 30.0, 'stockout_penalty': 10.0, 'learning_rate': 3e-05, 'n_steps': 1024, 'n_epochs': 5, 'vf_coef': 0.25, 'ent_coef': 0.0, 'batch_size': 64, 'rl_avg_profit': 151.87553682551373, 'rl_avg_stockouts': 6530.951742721665, 'rl_avg_inventory': 3.9307223121949457, 'train_time_s': 87.55772638320923}
Testing combo 202: hc=0.5, of=30.0, sp=10.0, lr=3e-05, n_steps=1024, batch_size=64
 Result: {'holding_cost': 0.5, 'order_fixed': 30.0, 'stockout_penalty': 10.0, 'learning_rate': 3e-05, 'n_steps': 1024, 'n_epochs': 5, 'vf_coef': 0.25, 'ent_coef': 0.01, 'batch_size': 64, 'rl_avg_profit': 61.08656615051633, 'rl_avg_stockouts': 10301.566477920504, 'rl_avg_inventory': 2.322770235310931, 'train_time_s': 86.7480525970459}
Testing combo 203: hc=0.5, of=30.0, sp=10.0, lr=3e-05, n_steps=1024, batch_size=64
 Result: {'holding_cost': 0.5, 'order_fixed': 30.0, 'stockout_penalty': 10.0, 'learning_rate': 3e-05, 'n_steps': 1024, 'n_epochs': 8, 'vf_coef': 0.25, 'ent_coef': 0.0, 'batch_size': 64, 'rl_avg_profit': 255.2760982020738, 'rl_avg_stockouts': 2010.213472318074, 'rl_avg_inventory': 9.028809891894255, 'train_time_s': 109.87045574188232}
Testing combo 204: hc=0.5, of=30.0, sp=10.0, lr=3e-05, n_steps=1024, batch_size=64
 Result: {'holding_cost': 0.5, 'order_fixed': 30.0, 'stockout_penalty': 10.0, 'learning_rate': 3e-05, 'n_steps': 1024, 'n_epochs': 8, 'vf_coef': 0.25, 'ent_coef': 0.01, 'batch_size': 64, 'rl_avg_profit': 94.48909766283889, 'rl_avg_stockouts': 8634.113654502793, 'rl_avg_inventory': 18.701726764130267, 'train_time_s': 109.60732793807983}
Testing combo 205: hc=0.5, of=30.0, sp=10.0, lr=0.0001, n_steps=512, batch_size=64
 Result: {'holding_cost': 0.5, 'order_fixed': 30.0, 'stockout_penalty': 10.0, 'learning_rate': 0.0001, 'n_steps': 512, 'n_epochs': 5, 'vf_coef': 0.25, 'ent_coef': 0.0, 'batch_size': 64, 'rl_avg_profit': -220.29691498794222, 'rl_avg_stockouts': 22600.643575453796, 'rl_avg_inventory': 0.3391402057956343, 'train_time_s': 86.17325806617737}
Testing combo 206: hc=0.5, of=30.0, sp=10.0, lr=0.0001, n_steps=512, batch_size=64
 Result: {'holding_cost': 0.5, 'order_fixed': 30.0, 'stockout_penalty': 10.0, 'learning_rate': 0.0001, 'n_steps': 512, 'n_epochs': 5, 'vf_coef': 0.25, 'ent_coef': 0.01, 'batch_size': 64, 'rl_avg_profit': 100.88773218080335, 'rl_avg_stockouts': 8364.371423771536, 'rl_avg_inventory': 14.363703213799491, 'train_time_s': 85.65856885910034}
Testing combo 207: hc=0.5, of=30.0, sp=10.0, lr=0.0001, n_steps=512, batch_size=64
 Result: {'holding_cost': 0.5, 'order_fixed': 30.0, 'stockout_penalty': 10.0, 'learning_rate': 0.0001, 'n_steps': 512, 'n_epochs': 8, 'vf_coef': 0.25, 'ent_coef': 0.0, 'batch_size': 64, 'rl_avg_profit': 127.62566414388797, 'rl_avg_stockouts': 7312.824296002182, 'rl_avg_inventory': 12.984927418738195, 'train_time_s': 108.09785509109497}
Testing combo 208: hc=0.5, of=30.0, sp=10.0, lr=0.0001, n_steps=512, batch_size=64
 Result: {'holding_cost': 0.5, 'order_fixed': 30.0, 'stockout_penalty': 10.0, 'learning_rate': 0.0001, 'n_steps': 512, 'n_epochs': 8, 'vf_coef': 0.25, 'ent_coef': 0.01, 'batch_size': 64, 'rl_avg_profit': 285.6396914941767, 'rl_avg_stockouts': 249.08848445511575, 'rl_avg_inventory': 29.35837006738741, 'train_time_s': 105.75120234489441}
Testing combo 209: hc=0.5, of=30.0, sp=10.0, lr=0.0001, n_steps=2048, batch_size=64
 Result: {'holding_cost': 0.5, 'order_fixed': 30.0, 'stockout_penalty': 10.0, 'learning_rate': 0.0001, 'n_steps': 2048, 'n_epochs': 5, 'vf_coef': 0.25, 'ent_coef': 0.0, 'batch_size': 64, 'rl_avg_profit': 284.89808523472095, 'rl_avg_stockouts': 479.74603684199866, 'rl_avg_inventory': 27.946459247249447, 'train_time_s': 88.740882396698}
Testing combo 210: hc=0.5, of=30.0, sp=10.0, lr=0.0001, n_steps=2048, batch_size=64
 Result: {'holding_cost': 0.5, 'order_fixed': 30.0, 'stockout_penalty': 10.0, 'learning_rate': 0.0001, 'n_steps': 2048, 'n_epochs': 5, 'vf_coef': 0.25, 'ent_coef': 0.01, 'batch_size': 64, 'rl_avg_profit': 264.36573706418534, 'rl_avg_stockouts': 1465.1373778219258, 'rl_avg_inventory': 15.02527566913056, 'train_time_s': 88.51228284835815}
Testing combo 211: hc=0.5, of=30.0, sp=10.0, lr=0.0001, n_steps=2048, batch_size=64
 Result: {'holding_cost': 0.5, 'order_fixed': 30.0, 'stockout_penalty': 10.0, 'learning_rate': 0.0001, 'n_steps': 2048, 'n_epochs': 8, 'vf_coef': 0.25, 'ent_coef': 0.0, 'batch_size': 64, 'rl_avg_profit': 283.1534420970332, 'rl_avg_stockouts': 560.8608848897035, 'rl_avg_inventory': 20.050703225135802, 'train_time_s': 107.31409072875977}
Testing combo 212: hc=0.5, of=30.0, sp=10.0, lr=0.0001, n_steps=2048, batch_size=64
 Result: {'holding_cost': 0.5, 'order_fixed': 30.0, 'stockout_penalty': 10.0, 'learning_rate': 0.0001, 'n_steps': 2048, 'n_epochs': 8, 'vf_coef': 0.25, 'ent_coef': 0.01, 'batch_size': 64, 'rl_avg_profit': 279.98372403828137, 'rl_avg_stockouts': 809.5105697302547, 'rl_avg_inventory': 20.66199825969461, 'train_time_s': 107.50936985015869}
Testing combo 213: hc=0.5, of=30.0, sp=10.0, lr=0.0001, n_steps=1024, batch_size=64
 Result: {'holding_cost': 0.5, 'order_fixed': 30.0, 'stockout_penalty': 10.0, 'learning_rate': 0.0001, 'n_steps': 1024, 'n_epochs': 5, 'vf_coef': 0.25, 'ent_coef': 0.0, 'batch_size': 64, 'rl_avg_profit': 287.5822777554428, 'rl_avg_stockouts': 377.77104177157196, 'rl_avg_inventory': 21.709159743557237, 'train_time_s': 83.42858624458313}
Testing combo 214: hc=0.5, of=30.0, sp=10.0, lr=0.0001, n_steps=1024, batch_size=64
 Result: {'holding_cost': 0.5, 'order_fixed': 30.0, 'stockout_penalty': 10.0, 'learning_rate': 0.0001, 'n_steps': 1024, 'n_epochs': 5, 'vf_coef': 0.25, 'ent_coef': 0.01, 'batch_size': 64, 'rl_avg_profit': -58.61195140667307, 'rl_avg_stockouts': 15448.03799033348, 'rl_avg_inventory': 1.437025362815555, 'train_time_s': 83.34449887275696}
Testing combo 215: hc=0.5, of=30.0, sp=10.0, lr=0.0001, n_steps=1024, batch_size=64
 Result: {'holding_cost': 0.5, 'order_fixed': 30.0, 'stockout_penalty': 10.0, 'learning_rate': 0.0001, 'n_steps': 1024, 'n_epochs': 8, 'vf_coef': 0.25, 'ent_coef': 0.0, 'batch_size': 64, 'rl_avg_profit': 243.85618224133526, 'rl_avg_stockouts': 2381.439741892364, 'rl_avg_inventory': 17.36402274353251, 'train_time_s': 105.88856649398804}
Testing combo 216: hc=0.5, of=30.0, sp=10.0, lr=0.0001, n_steps=1024, batch_size=64
 Result: {'holding_cost': 0.5, 'order_fixed': 30.0, 'stockout_penalty': 10.0, 'learning_rate': 0.0001, 'n_steps': 1024, 'n_epochs': 8, 'vf_coef': 0.25, 'ent_coef': 0.01, 'batch_size': 64, 'rl_avg_profit': 269.2067547045384, 'rl_avg_stockouts': 974.4375052157842, 'rl_avg_inventory': 29.8982948519759, 'train_time_s': 105.79369521141052}
Testing combo 217: hc=0.5, of=30.0, sp=50.0, lr=3e-05, n_steps=512, batch_size=64
 Result: {'holding_cost': 0.5, 'order_fixed': 30.0, 'stockout_penalty': 50.0, 'learning_rate': 3e-05, 'n_steps': 512, 'n_epochs': 5, 'vf_coef': 0.25, 'ent_coef': 0.0, 'batch_size': 64, 'rl_avg_profit': 274.8414714998519, 'rl_avg_stockouts': 4.623049939137748, 'rl_avg_inventory': 62.74260132463011, 'train_time_s': 81.40001106262207}
Testing combo 218: hc=0.5, of=30.0, sp=50.0, lr=3e-05, n_steps=512, batch_size=64
 Result: {'holding_cost': 0.5, 'order_fixed': 30.0, 'stockout_penalty': 50.0, 'learning_rate': 3e-05, 'n_steps': 512, 'n_epochs': 5, 'vf_coef': 0.25, 'ent_coef': 0.01, 'batch_size': 64, 'rl_avg_profit': 274.50814774382536, 'rl_avg_stockouts': 0.0, 'rl_avg_inventory': 62.164950684847895, 'train_time_s': 80.9311056137085}
Testing combo 219: hc=0.5, of=30.0, sp=50.0, lr=3e-05, n_steps=512, batch_size=64
 Result: {'holding_cost': 0.5, 'order_fixed': 30.0, 'stockout_penalty': 50.0, 'learning_rate': 3e-05, 'n_steps': 512, 'n_epochs': 8, 'vf_coef': 0.25, 'ent_coef': 0.0, 'batch_size': 64, 'rl_avg_profit': 270.44418286752176, 'rl_avg_stockouts': 0.0, 'rl_avg_inventory': 67.9998729172798, 'train_time_s': 104.36894965171814}
Testing combo 220: hc=0.5, of=30.0, sp=50.0, lr=3e-05, n_steps=512, batch_size=64
 Result: {'holding_cost': 0.5, 'order_fixed': 30.0, 'stockout_penalty': 50.0, 'learning_rate': 3e-05, 'n_steps': 512, 'n_epochs': 8, 'vf_coef': 0.25, 'ent_coef': 0.01, 'batch_size': 64, 'rl_avg_profit': 236.8380570815519, 'rl_avg_stockouts': 426.00003742573983, 'rl_avg_inventory': 82.12009071872659, 'train_time_s': 106.25152659416199}
Testing combo 221: hc=0.5, of=30.0, sp=50.0, lr=3e-05, n_steps=2048, batch_size=64
 Result: {'holding_cost': 0.5, 'order_fixed': 30.0, 'stockout_penalty': 50.0, 'learning_rate': 3e-05, 'n_steps': 2048, 'n_epochs': 5, 'vf_coef': 0.25, 'ent_coef': 0.0, 'batch_size': 64, 'rl_avg_profit': 280.48015117707916, 'rl_avg_stockouts': 35.01587870209933, 'rl_avg_inventory': 50.010760503272486, 'train_time_s': 87.62220239639282}
Testing combo 222: hc=0.5, of=30.0, sp=50.0, lr=3e-05, n_steps=2048, batch_size=64
 Result: {'holding_cost': 0.5, 'order_fixed': 30.0, 'stockout_penalty': 50.0, 'learning_rate': 3e-05, 'n_steps': 2048, 'n_epochs': 5, 'vf_coef': 0.25, 'ent_coef': 0.01, 'batch_size': 64, 'rl_avg_profit': 272.8574794021885, 'rl_avg_stockouts': 0.0, 'rl_avg_inventory': 67.45353933674016, 'train_time_s': 87.72485542297363}
Testing combo 223: hc=0.5, of=30.0, sp=50.0, lr=3e-05, n_steps=2048, batch_size=64
 Result: {'holding_cost': 0.5, 'order_fixed': 30.0, 'stockout_penalty': 50.0, 'learning_rate': 3e-05, 'n_steps': 2048, 'n_epochs': 8, 'vf_coef': 0.25, 'ent_coef': 0.0, 'batch_size': 64, 'rl_avg_profit': 283.620635669707, 'rl_avg_stockouts': 81.82045715875987, 'rl_avg_inventory': 34.75103186022746, 'train_time_s': 111.38956260681152}
Testing combo 224: hc=0.5, of=30.0, sp=50.0, lr=3e-05, n_steps=2048, batch_size=64
 Result: {'holding_cost': 0.5, 'order_fixed': 30.0, 'stockout_penalty': 50.0, 'learning_rate': 3e-05, 'n_steps': 2048, 'n_epochs': 8, 'vf_coef': 0.25, 'ent_coef': 0.01, 'batch_size': 64, 'rl_avg_profit': 271.73787711740414, 'rl_avg_stockouts': 0.0, 'rl_avg_inventory': 66.82782771802928, 'train_time_s': 111.8654716014862}
Testing combo 225: hc=0.5, of=30.0, sp=50.0, lr=3e-05, n_steps=1024, batch_size=64
 Result: {'holding_cost': 0.5, 'order_fixed': 30.0, 'stockout_penalty': 50.0, 'learning_rate': 3e-05, 'n_steps': 1024, 'n_epochs': 5, 'vf_coef': 0.25, 'ent_coef': 0.0, 'batch_size': 64, 'rl_avg_profit': 263.58284688162354, 'rl_avg_stockouts': 0.0, 'rl_avg_inventory': 85.19832407703139, 'train_time_s': 86.8704125881195}
Testing combo 226: hc=0.5, of=30.0, sp=50.0, lr=3e-05, n_steps=1024, batch_size=64
 Result: {'holding_cost': 0.5, 'order_fixed': 30.0, 'stockout_penalty': 50.0, 'learning_rate': 3e-05, 'n_steps': 1024, 'n_epochs': 5, 'vf_coef': 0.25, 'ent_coef': 0.01, 'batch_size': 64, 'rl_avg_profit': 278.3174943096636, 'rl_avg_stockouts': 0.0, 'rl_avg_inventory': 54.23698204876625, 'train_time_s': 87.31084728240967}
Testing combo 227: hc=0.5, of=30.0, sp=50.0, lr=3e-05, n_steps=1024, batch_size=64
 Result: {'holding_cost': 0.5, 'order_fixed': 30.0, 'stockout_penalty': 50.0, 'learning_rate': 3e-05, 'n_steps': 1024, 'n_epochs': 8, 'vf_coef': 0.25, 'ent_coef': 0.0, 'batch_size': 64, 'rl_avg_profit': 287.5333611017227, 'rl_avg_stockouts': 6.757301067564972, 'rl_avg_inventory': 40.24027609106612, 'train_time_s': 109.89717650413513}
Testing combo 228: hc=0.5, of=30.0, sp=50.0, lr=3e-05, n_steps=1024, batch_size=64
 Result: {'holding_cost': 0.5, 'order_fixed': 30.0, 'stockout_penalty': 50.0, 'learning_rate': 3e-05, 'n_steps': 1024, 'n_epochs': 8, 'vf_coef': 0.25, 'ent_coef': 0.01, 'batch_size': 64, 'rl_avg_profit': 216.64626665491852, 'rl_avg_stockouts': 1116.3592964642164, 'rl_avg_inventory': 38.61186901183977, 'train_time_s': 106.20251679420471}
Testing combo 229: hc=0.5, of=30.0, sp=50.0, lr=0.0001, n_steps=512, batch_size=64
 Result: {'holding_cost': 0.5, 'order_fixed': 30.0, 'stockout_penalty': 50.0, 'learning_rate': 0.0001, 'n_steps': 512, 'n_epochs': 5, 'vf_coef': 0.25, 'ent_coef': 0.0, 'batch_size': 64, 'rl_avg_profit': 265.1908605627177, 'rl_avg_stockouts': 171.04046988056865, 'rl_avg_inventory': 61.4575972758254, 'train_time_s': 83.49339580535889}
Testing combo 230: hc=0.5, of=30.0, sp=50.0, lr=0.0001, n_steps=512, batch_size=64
 Result: {'holding_cost': 0.5, 'order_fixed': 30.0, 'stockout_penalty': 50.0, 'learning_rate': 0.0001, 'n_steps': 512, 'n_epochs': 5, 'vf_coef': 0.25, 'ent_coef': 0.01, 'batch_size': 64, 'rl_avg_profit': 256.3462464090743, 'rl_avg_stockouts': 286.822841413329, 'rl_avg_inventory': 62.1339994550731, 'train_time_s': 83.32775139808655}
Testing combo 231: hc=0.5, of=30.0, sp=50.0, lr=0.0001, n_steps=512, batch_size=64
 Result: {'holding_cost': 0.5, 'order_fixed': 30.0, 'stockout_penalty': 50.0, 'learning_rate': 0.0001, 'n_steps': 512, 'n_epochs': 8, 'vf_coef': 0.25, 'ent_coef': 0.0, 'batch_size': 64, 'rl_avg_profit': 275.1641885383834, 'rl_avg_stockouts': 165.44452528631132, 'rl_avg_inventory': 43.8198066627816, 'train_time_s': 105.68968105316162}
Testing combo 232: hc=0.5, of=30.0, sp=50.0, lr=0.0001, n_steps=512, batch_size=64
 Result: {'holding_cost': 0.5, 'order_fixed': 30.0, 'stockout_penalty': 50.0, 'learning_rate': 0.0001, 'n_steps': 512, 'n_epochs': 8, 'vf_coef': 0.25, 'ent_coef': 0.01, 'batch_size': 64, 'rl_avg_profit': 254.96098459924087, 'rl_avg_stockouts': 15.778974969567273, 'rl_avg_inventory': 96.85889207604814, 'train_time_s': 106.23355627059937}
Testing combo 233: hc=0.5, of=30.0, sp=50.0, lr=0.0001, n_steps=2048, batch_size=64
 Result: {'holding_cost': 0.5, 'order_fixed': 30.0, 'stockout_penalty': 50.0, 'learning_rate': 0.0001, 'n_steps': 2048, 'n_epochs': 5, 'vf_coef': 0.25, 'ent_coef': 0.0, 'batch_size': 64, 'rl_avg_profit': 280.6355364585626, 'rl_avg_stockouts': 0.0, 'rl_avg_inventory': 54.91812295678544, 'train_time_s': 84.97681307792664}
Testing combo 234: hc=0.5, of=30.0, sp=50.0, lr=0.0001, n_steps=2048, batch_size=64
 Result: {'holding_cost': 0.5, 'order_fixed': 30.0, 'stockout_penalty': 50.0, 'learning_rate': 0.0001, 'n_steps': 2048, 'n_epochs': 5, 'vf_coef': 0.25, 'ent_coef': 0.01, 'batch_size': 64, 'rl_avg_profit': 287.3165281832745, 'rl_avg_stockouts': 25.289803679788484, 'rl_avg_inventory': 38.52635474949667, 'train_time_s': 86.33342170715332}
Testing combo 235: hc=0.5, of=30.0, sp=50.0, lr=0.0001, n_steps=2048, batch_size=64
 Result: {'holding_cost': 0.5, 'order_fixed': 30.0, 'stockout_penalty': 50.0, 'learning_rate': 0.0001, 'n_steps': 2048, 'n_epochs': 8, 'vf_coef': 0.25, 'ent_coef': 0.0, 'batch_size': 64, 'rl_avg_profit': 282.4127087501152, 'rl_avg_stockouts': 13.781064220050832, 'rl_avg_inventory': 47.13478313498301, 'train_time_s': 114.35206532478333}
Testing combo 236: hc=0.5, of=30.0, sp=50.0, lr=0.0001, n_steps=2048, batch_size=64
 Result: {'holding_cost': 0.5, 'order_fixed': 30.0, 'stockout_penalty': 50.0, 'learning_rate': 0.0001, 'n_steps': 2048, 'n_epochs': 8, 'vf_coef': 0.25, 'ent_coef': 0.01, 'batch_size': 64, 'rl_avg_profit': 278.79987695882306, 'rl_avg_stockouts': 66.36656234082537, 'rl_avg_inventory': 49.54193506005692, 'train_time_s': 109.40443682670593}
Testing combo 237: hc=0.5, of=30.0, sp=50.0, lr=0.0001, n_steps=1024, batch_size=64
 Result: {'holding_cost': 0.5, 'order_fixed': 30.0, 'stockout_penalty': 50.0, 'learning_rate': 0.0001, 'n_steps': 1024, 'n_epochs': 5, 'vf_coef': 0.25, 'ent_coef': 0.0, 'batch_size': 64, 'rl_avg_profit': 281.51034014631324, 'rl_avg_stockouts': 116.61314337023062, 'rl_avg_inventory': 42.19497355421929, 'train_time_s': 81.05108952522278}
Testing combo 238: hc=0.5, of=30.0, sp=50.0, lr=0.0001, n_steps=1024, batch_size=64
 Result: {'holding_cost': 0.5, 'order_fixed': 30.0, 'stockout_penalty': 50.0, 'learning_rate': 0.0001, 'n_steps': 1024, 'n_epochs': 5, 'vf_coef': 0.25, 'ent_coef': 0.01, 'batch_size': 64, 'rl_avg_profit': 273.1367941181108, 'rl_avg_stockouts': 60.585292610100076, 'rl_avg_inventory': 56.912426660616106, 'train_time_s': 81.27020406723022}
Testing combo 239: hc=0.5, of=30.0, sp=50.0, lr=0.0001, n_steps=1024, batch_size=64
 Result: {'holding_cost': 0.5, 'order_fixed': 30.0, 'stockout_penalty': 50.0, 'learning_rate': 0.0001, 'n_steps': 1024, 'n_epochs': 8, 'vf_coef': 0.25, 'ent_coef': 0.0, 'batch_size': 64, 'rl_avg_profit': 280.9713417645823, 'rl_avg_stockouts': 0.0, 'rl_avg_inventory': 49.39550577451105, 'train_time_s': 105.40158271789551}
Testing combo 240: hc=0.5, of=30.0, sp=50.0, lr=0.0001, n_steps=1024, batch_size=64
 Result: {'holding_cost': 0.5, 'order_fixed': 30.0, 'stockout_penalty': 50.0, 'learning_rate': 0.0001, 'n_steps': 1024, 'n_epochs': 8, 'vf_coef': 0.25, 'ent_coef': 0.01, 'batch_size': 64, 'rl_avg_profit': 279.2655430949007, 'rl_avg_stockouts': 79.41058206636566, 'rl_avg_inventory': 46.268820484892956, 'train_time_s': 109.16542768478394}
Testing combo 241: hc=0.5, of=30.0, sp=100.0, lr=3e-05, n_steps=512, batch_size=64
 Result: {'holding_cost': 0.5, 'order_fixed': 30.0, 'stockout_penalty': 100.0, 'learning_rate': 3e-05, 'n_steps': 512, 'n_epochs': 5, 'vf_coef': 0.25, 'ent_coef': 0.0, 'batch_size': 64, 'rl_avg_profit': 242.48019779641854, 'rl_avg_stockouts': 0.0, 'rl_avg_inventory': 119.93417659393728, 'train_time_s': 88.92739224433899}
Testing combo 242: hc=0.5, of=30.0, sp=100.0, lr=3e-05, n_steps=512, batch_size=64
 Result: {'holding_cost': 0.5, 'order_fixed': 30.0, 'stockout_penalty': 100.0, 'learning_rate': 3e-05, 'n_steps': 512, 'n_epochs': 5, 'vf_coef': 0.25, 'ent_coef': 0.01, 'batch_size': 64, 'rl_avg_profit': 253.69455713707544, 'rl_avg_stockouts': 0.0, 'rl_avg_inventory': 101.31354456653332, 'train_time_s': 86.47771883010864}
Testing combo 243: hc=0.5, of=30.0, sp=100.0, lr=3e-05, n_steps=512, batch_size=64
 Result: {'holding_cost': 0.5, 'order_fixed': 30.0, 'stockout_penalty': 100.0, 'learning_rate': 3e-05, 'n_steps': 512, 'n_epochs': 8, 'vf_coef': 0.25, 'ent_coef': 0.0, 'batch_size': 64, 'rl_avg_profit': 274.3318384980724, 'rl_avg_stockouts': 0.0, 'rl_avg_inventory': 65.43885786814232, 'train_time_s': 109.39540529251099}
Testing combo 244: hc=0.5, of=30.0, sp=100.0, lr=3e-05, n_steps=512, batch_size=64
 Result: {'holding_cost': 0.5, 'order_fixed': 30.0, 'stockout_penalty': 100.0, 'learning_rate': 3e-05, 'n_steps': 512, 'n_epochs': 8, 'vf_coef': 0.25, 'ent_coef': 0.01, 'batch_size': 64, 'rl_avg_profit': 246.45159887445197, 'rl_avg_stockouts': 0.0, 'rl_avg_inventory': 115.84475892367428, 'train_time_s': 111.20970392227173}
Testing combo 245: hc=0.5, of=30.0, sp=100.0, lr=3e-05, n_steps=2048, batch_size=64
 Result: {'holding_cost': 0.5, 'order_fixed': 30.0, 'stockout_penalty': 100.0, 'learning_rate': 3e-05, 'n_steps': 2048, 'n_epochs': 5, 'vf_coef': 0.25, 'ent_coef': 0.0, 'batch_size': 64, 'rl_avg_profit': 273.3425784191244, 'rl_avg_stockouts': 0.21107095031487405, 'rl_avg_inventory': 65.58229115316314, 'train_time_s': 92.36317348480225}
Testing combo 246: hc=0.5, of=30.0, sp=100.0, lr=3e-05, n_steps=2048, batch_size=64
 Result: {'holding_cost': 0.5, 'order_fixed': 30.0, 'stockout_penalty': 100.0, 'learning_rate': 3e-05, 'n_steps': 2048, 'n_epochs': 5, 'vf_coef': 0.25, 'ent_coef': 0.01, 'batch_size': 64, 'rl_avg_profit': 269.10458505762193, 'rl_avg_stockouts': 0.0, 'rl_avg_inventory': 70.10718007753972, 'train_time_s': 89.36420750617981}
Testing combo 247: hc=0.5, of=30.0, sp=100.0, lr=3e-05, n_steps=2048, batch_size=64
 Result: {'holding_cost': 0.5, 'order_fixed': 30.0, 'stockout_penalty': 100.0, 'learning_rate': 3e-05, 'n_steps': 2048, 'n_epochs': 8, 'vf_coef': 0.25, 'ent_coef': 0.0, 'batch_size': 64, 'rl_avg_profit': 272.6831782067562, 'rl_avg_stockouts': 0.0, 'rl_avg_inventory': 65.90192972679661, 'train_time_s': 108.15137910842896}
Testing combo 248: hc=0.5, of=30.0, sp=100.0, lr=3e-05, n_steps=2048, batch_size=64
 Result: {'holding_cost': 0.5, 'order_fixed': 30.0, 'stockout_penalty': 100.0, 'learning_rate': 3e-05, 'n_steps': 2048, 'n_epochs': 8, 'vf_coef': 0.25, 'ent_coef': 0.01, 'batch_size': 64, 'rl_avg_profit': 279.13187675694667, 'rl_avg_stockouts': 0.0, 'rl_avg_inventory': 56.266761858169346, 'train_time_s': 113.79805040359497}
Testing combo 249: hc=0.5, of=30.0, sp=100.0, lr=3e-05, n_steps=1024, batch_size=64
 Result: {'holding_cost': 0.5, 'order_fixed': 30.0, 'stockout_penalty': 100.0, 'learning_rate': 3e-05, 'n_steps': 1024, 'n_epochs': 5, 'vf_coef': 0.25, 'ent_coef': 0.0, 'batch_size': 64, 'rl_avg_profit': 263.74727382653435, 'rl_avg_stockouts': 0.0, 'rl_avg_inventory': 79.39994155674765, 'train_time_s': 89.90262770652771}
Testing combo 250: hc=0.5, of=30.0, sp=100.0, lr=3e-05, n_steps=1024, batch_size=64
 Result: {'holding_cost': 0.5, 'order_fixed': 30.0, 'stockout_penalty': 100.0, 'learning_rate': 3e-05, 'n_steps': 1024, 'n_epochs': 5, 'vf_coef': 0.25, 'ent_coef': 0.01, 'batch_size': 64, 'rl_avg_profit': 269.5678043727285, 'rl_avg_stockouts': 0.0, 'rl_avg_inventory': 74.64268215022676, 'train_time_s': 83.7240731716156}
Testing combo 251: hc=0.5, of=30.0, sp=100.0, lr=3e-05, n_steps=1024, batch_size=64
 Result: {'holding_cost': 0.5, 'order_fixed': 30.0, 'stockout_penalty': 100.0, 'learning_rate': 3e-05, 'n_steps': 1024, 'n_epochs': 8, 'vf_coef': 0.25, 'ent_coef': 0.0, 'batch_size': 64, 'rl_avg_profit': 274.0551117778565, 'rl_avg_stockouts': 0.26321470786205053, 'rl_avg_inventory': 66.99404048135835, 'train_time_s': 105.31169891357422}
Testing combo 252: hc=0.5, of=30.0, sp=100.0, lr=3e-05, n_steps=1024, batch_size=64
 Result: {'holding_cost': 0.5, 'order_fixed': 30.0, 'stockout_penalty': 100.0, 'learning_rate': 3e-05, 'n_steps': 1024, 'n_epochs': 8, 'vf_coef': 0.25, 'ent_coef': 0.01, 'batch_size': 64, 'rl_avg_profit': 256.8474650811515, 'rl_avg_stockouts': 0.0, 'rl_avg_inventory': 96.64566886588318, 'train_time_s': 108.08196425437927}
Testing combo 253: hc=0.5, of=30.0, sp=100.0, lr=0.0001, n_steps=512, batch_size=64
 Result: {'holding_cost': 0.5, 'order_fixed': 30.0, 'stockout_penalty': 100.0, 'learning_rate': 0.0001, 'n_steps': 512, 'n_epochs': 5, 'vf_coef': 0.25, 'ent_coef': 0.0, 'batch_size': 64, 'rl_avg_profit': 273.764335496498, 'rl_avg_stockouts': 11.01434071722537, 'rl_avg_inventory': 69.62352727184557, 'train_time_s': 89.30740141868591}
Testing combo 254: hc=0.5, of=30.0, sp=100.0, lr=0.0001, n_steps=512, batch_size=64
 Result: {'holding_cost': 0.5, 'order_fixed': 30.0, 'stockout_penalty': 100.0, 'learning_rate': 0.0001, 'n_steps': 512, 'n_epochs': 5, 'vf_coef': 0.25, 'ent_coef': 0.01, 'batch_size': 64, 'rl_avg_profit': 278.41590736616234, 'rl_avg_stockouts': 39.09306728783495, 'rl_avg_inventory': 49.63310154745024, 'train_time_s': 86.13171362876892}
Testing combo 255: hc=0.5, of=30.0, sp=100.0, lr=0.0001, n_steps=512, batch_size=64
 Result: {'holding_cost': 0.5, 'order_fixed': 30.0, 'stockout_penalty': 100.0, 'learning_rate': 0.0001, 'n_steps': 512, 'n_epochs': 8, 'vf_coef': 0.25, 'ent_coef': 0.0, 'batch_size': 64, 'rl_avg_profit': 259.24596924227745, 'rl_avg_stockouts': 2.008782735613944, 'rl_avg_inventory': 91.47724667274788, 'train_time_s': 110.40092849731445}
Testing combo 256: hc=0.5, of=30.0, sp=100.0, lr=0.0001, n_steps=512, batch_size=64
 Result: {'holding_cost': 0.5, 'order_fixed': 30.0, 'stockout_penalty': 100.0, 'learning_rate': 0.0001, 'n_steps': 512, 'n_epochs': 8, 'vf_coef': 0.25, 'ent_coef': 0.01, 'batch_size': 64, 'rl_avg_profit': 261.97790050746903, 'rl_avg_stockouts': 0.0, 'rl_avg_inventory': 87.95554844059356, 'train_time_s': 107.99655747413635}
Testing combo 257: hc=0.5, of=30.0, sp=100.0, lr=0.0001, n_steps=2048, batch_size=64
 Result: {'holding_cost': 0.5, 'order_fixed': 30.0, 'stockout_penalty': 100.0, 'learning_rate': 0.0001, 'n_steps': 2048, 'n_epochs': 5, 'vf_coef': 0.25, 'ent_coef': 0.0, 'batch_size': 64, 'rl_avg_profit': 277.6964795619374, 'rl_avg_stockouts': 35.517178988859925, 'rl_avg_inventory': 47.84923028763026, 'train_time_s': 85.80950140953064}
Testing combo 258: hc=0.5, of=30.0, sp=100.0, lr=0.0001, n_steps=2048, batch_size=64
 Result: {'holding_cost': 0.5, 'order_fixed': 30.0, 'stockout_penalty': 100.0, 'learning_rate': 0.0001, 'n_steps': 2048, 'n_epochs': 5, 'vf_coef': 0.25, 'ent_coef': 0.01, 'batch_size': 64, 'rl_avg_profit': 274.44665197762095, 'rl_avg_stockouts': 23.051377812150402, 'rl_avg_inventory': 56.84136778583265, 'train_time_s': 86.1130883693695}
Testing combo 259: hc=0.5, of=30.0, sp=100.0, lr=0.0001, n_steps=2048, batch_size=64
 Result: {'holding_cost': 0.5, 'order_fixed': 30.0, 'stockout_penalty': 100.0, 'learning_rate': 0.0001, 'n_steps': 2048, 'n_epochs': 8, 'vf_coef': 0.25, 'ent_coef': 0.0, 'batch_size': 64, 'rl_avg_profit': 269.42842828195904, 'rl_avg_stockouts': 0.0, 'rl_avg_inventory': 71.18660375934759, 'train_time_s': 108.4005036354065}
Testing combo 260: hc=0.5, of=30.0, sp=100.0, lr=0.0001, n_steps=2048, batch_size=64
 Result: {'holding_cost': 0.5, 'order_fixed': 30.0, 'stockout_penalty': 100.0, 'learning_rate': 0.0001, 'n_steps': 2048, 'n_epochs': 8, 'vf_coef': 0.25, 'ent_coef': 0.01, 'batch_size': 64, 'rl_avg_profit': 273.3717317511625, 'rl_avg_stockouts': 0.0, 'rl_avg_inventory': 69.27733238533752, 'train_time_s': 113.15523362159729}
Testing combo 261: hc=0.5, of=30.0, sp=100.0, lr=0.0001, n_steps=1024, batch_size=64
 Result: {'holding_cost': 0.5, 'order_fixed': 30.0, 'stockout_penalty': 100.0, 'learning_rate': 0.0001, 'n_steps': 1024, 'n_epochs': 5, 'vf_coef': 0.25, 'ent_coef': 0.0, 'batch_size': 64, 'rl_avg_profit': 255.3581460666634, 'rl_avg_stockouts': 0.0, 'rl_avg_inventory': 94.56042160661254, 'train_time_s': 88.60297274589539}
Testing combo 262: hc=0.5, of=30.0, sp=100.0, lr=0.0001, n_steps=1024, batch_size=64
 Result: {'holding_cost': 0.5, 'order_fixed': 30.0, 'stockout_penalty': 100.0, 'learning_rate': 0.0001, 'n_steps': 1024, 'n_epochs': 5, 'vf_coef': 0.25, 'ent_coef': 0.01, 'batch_size': 64, 'rl_avg_profit': 275.933374364862, 'rl_avg_stockouts': 1.3974636622884007, 'rl_avg_inventory': 60.96910008887723, 'train_time_s': 86.70224261283875}
Testing combo 263: hc=0.5, of=30.0, sp=100.0, lr=0.0001, n_steps=1024, batch_size=64
 Result: {'holding_cost': 0.5, 'order_fixed': 30.0, 'stockout_penalty': 100.0, 'learning_rate': 0.0001, 'n_steps': 1024, 'n_epochs': 8, 'vf_coef': 0.25, 'ent_coef': 0.0, 'batch_size': 64, 'rl_avg_profit': 253.16132811181396, 'rl_avg_stockouts': 0.0, 'rl_avg_inventory': 106.94809142439333, 'train_time_s': 108.23021340370178}
Testing combo 264: hc=0.5, of=30.0, sp=100.0, lr=0.0001, n_steps=1024, batch_size=64
 Result: {'holding_cost': 0.5, 'order_fixed': 30.0, 'stockout_penalty': 100.0, 'learning_rate': 0.0001, 'n_steps': 1024, 'n_epochs': 8, 'vf_coef': 0.25, 'ent_coef': 0.01, 'batch_size': 64, 'rl_avg_profit': 265.03478459126075, 'rl_avg_stockouts': 43.27356366613556, 'rl_avg_inventory': 68.22195004502389, 'train_time_s': 108.41547513008118}
Testing combo 265: hc=0.5, of=30.0, sp=200.0, lr=3e-05, n_steps=512, batch_size=64
 Result: {'holding_cost': 0.5, 'order_fixed': 30.0, 'stockout_penalty': 200.0, 'learning_rate': 3e-05, 'n_steps': 512, 'n_epochs': 5, 'vf_coef': 0.25, 'ent_coef': 0.0, 'batch_size': 64, 'rl_avg_profit': 236.73176354447241, 'rl_avg_stockouts': 0.0, 'rl_avg_inventory': 129.58996119669038, 'train_time_s': 86.906325340271}
Testing combo 266: hc=0.5, of=30.0, sp=200.0, lr=3e-05, n_steps=512, batch_size=64
 Result: {'holding_cost': 0.5, 'order_fixed': 30.0, 'stockout_penalty': 200.0, 'learning_rate': 3e-05, 'n_steps': 512, 'n_epochs': 5, 'vf_coef': 0.25, 'ent_coef': 0.01, 'batch_size': 64, 'rl_avg_profit': 258.3073288690637, 'rl_avg_stockouts': 0.0, 'rl_avg_inventory': 94.17274604274802, 'train_time_s': 85.15432548522949}
Testing combo 267: hc=0.5, of=30.0, sp=200.0, lr=3e-05, n_steps=512, batch_size=64
 Result: {'holding_cost': 0.5, 'order_fixed': 30.0, 'stockout_penalty': 200.0, 'learning_rate': 3e-05, 'n_steps': 512, 'n_epochs': 8, 'vf_coef': 0.25, 'ent_coef': 0.0, 'batch_size': 64, 'rl_avg_profit': 255.20610406958093, 'rl_avg_stockouts': 0.0, 'rl_avg_inventory': 102.08256414544093, 'train_time_s': 107.25754237174988}
Testing combo 268: hc=0.5, of=30.0, sp=200.0, lr=3e-05, n_steps=512, batch_size=64
 Result: {'holding_cost': 0.5, 'order_fixed': 30.0, 'stockout_penalty': 200.0, 'learning_rate': 3e-05, 'n_steps': 512, 'n_epochs': 8, 'vf_coef': 0.25, 'ent_coef': 0.01, 'batch_size': 64, 'rl_avg_profit': 248.7410138216775, 'rl_avg_stockouts': 0.0, 'rl_avg_inventory': 107.59047115378185, 'train_time_s': 107.40744042396545}
Testing combo 269: hc=0.5, of=30.0, sp=200.0, lr=3e-05, n_steps=2048, batch_size=64
 Result: {'holding_cost': 0.5, 'order_fixed': 30.0, 'stockout_penalty': 200.0, 'learning_rate': 3e-05, 'n_steps': 2048, 'n_epochs': 5, 'vf_coef': 0.25, 'ent_coef': 0.0, 'batch_size': 64, 'rl_avg_profit': 254.74137199744513, 'rl_avg_stockouts': 0.0, 'rl_avg_inventory': 95.69450992950021, 'train_time_s': 88.70912051200867}
Testing combo 270: hc=0.5, of=30.0, sp=200.0, lr=3e-05, n_steps=2048, batch_size=64
 Result: {'holding_cost': 0.5, 'order_fixed': 30.0, 'stockout_penalty': 200.0, 'learning_rate': 3e-05, 'n_steps': 2048, 'n_epochs': 5, 'vf_coef': 0.25, 'ent_coef': 0.01, 'batch_size': 64, 'rl_avg_profit': 257.5681456282822, 'rl_avg_stockouts': 0.0, 'rl_avg_inventory': 96.38658881409529, 'train_time_s': 89.35865187644958}
Testing combo 271: hc=0.5, of=30.0, sp=200.0, lr=3e-05, n_steps=2048, batch_size=64
 Result: {'holding_cost': 0.5, 'order_fixed': 30.0, 'stockout_penalty': 200.0, 'learning_rate': 3e-05, 'n_steps': 2048, 'n_epochs': 8, 'vf_coef': 0.25, 'ent_coef': 0.0, 'batch_size': 64, 'rl_avg_profit': 264.96692331491306, 'rl_avg_stockouts': 0.0, 'rl_avg_inventory': 82.81948092734976, 'train_time_s': 111.00242400169373}
Testing combo 272: hc=0.5, of=30.0, sp=200.0, lr=3e-05, n_steps=2048, batch_size=64
 Result: {'holding_cost': 0.5, 'order_fixed': 30.0, 'stockout_penalty': 200.0, 'learning_rate': 3e-05, 'n_steps': 2048, 'n_epochs': 8, 'vf_coef': 0.25, 'ent_coef': 0.01, 'batch_size': 64, 'rl_avg_profit': 260.7994668812414, 'rl_avg_stockouts': 0.0, 'rl_avg_inventory': 93.97205495337917, 'train_time_s': 106.81402277946472}
Testing combo 273: hc=0.5, of=30.0, sp=200.0, lr=3e-05, n_steps=1024, batch_size=64
 Result: {'holding_cost': 0.5, 'order_fixed': 30.0, 'stockout_penalty': 200.0, 'learning_rate': 3e-05, 'n_steps': 1024, 'n_epochs': 5, 'vf_coef': 0.25, 'ent_coef': 0.0, 'batch_size': 64, 'rl_avg_profit': 253.70467280330467, 'rl_avg_stockouts': 0.0, 'rl_avg_inventory': 101.93524021514473, 'train_time_s': 85.12955689430237}
Testing combo 274: hc=0.5, of=30.0, sp=200.0, lr=3e-05, n_steps=1024, batch_size=64
 Result: {'holding_cost': 0.5, 'order_fixed': 30.0, 'stockout_penalty': 200.0, 'learning_rate': 3e-05, 'n_steps': 1024, 'n_epochs': 5, 'vf_coef': 0.25, 'ent_coef': 0.01, 'batch_size': 64, 'rl_avg_profit': 248.82527596619903, 'rl_avg_stockouts': 0.0, 'rl_avg_inventory': 110.65707927965138, 'train_time_s': 87.04365134239197}
Testing combo 275: hc=0.5, of=30.0, sp=200.0, lr=3e-05, n_steps=1024, batch_size=64
 Result: {'holding_cost': 0.5, 'order_fixed': 30.0, 'stockout_penalty': 200.0, 'learning_rate': 3e-05, 'n_steps': 1024, 'n_epochs': 8, 'vf_coef': 0.25, 'ent_coef': 0.0, 'batch_size': 64, 'rl_avg_profit': 261.93878682389914, 'rl_avg_stockouts': 0.0, 'rl_avg_inventory': 89.95032504983143, 'train_time_s': 109.82044315338135}
Testing combo 276: hc=0.5, of=30.0, sp=200.0, lr=3e-05, n_steps=1024, batch_size=64
 Result: {'holding_cost': 0.5, 'order_fixed': 30.0, 'stockout_penalty': 200.0, 'learning_rate': 3e-05, 'n_steps': 1024, 'n_epochs': 8, 'vf_coef': 0.25, 'ent_coef': 0.01, 'batch_size': 64, 'rl_avg_profit': 222.23293365191822, 'rl_avg_stockouts': 0.0, 'rl_avg_inventory': 163.34420446108464, 'train_time_s': 104.52574157714844}
Testing combo 277: hc=0.5, of=30.0, sp=200.0, lr=0.0001, n_steps=512, batch_size=64
 Result: {'holding_cost': 0.5, 'order_fixed': 30.0, 'stockout_penalty': 200.0, 'learning_rate': 0.0001, 'n_steps': 512, 'n_epochs': 5, 'vf_coef': 0.25, 'ent_coef': 0.0, 'batch_size': 64, 'rl_avg_profit': 244.78126706007274, 'rl_avg_stockouts': 0.0, 'rl_avg_inventory': 115.79190409830171, 'train_time_s': 80.27738928794861}
Testing combo 278: hc=0.5, of=30.0, sp=200.0, lr=0.0001, n_steps=512, batch_size=64
 Result: {'holding_cost': 0.5, 'order_fixed': 30.0, 'stockout_penalty': 200.0, 'learning_rate': 0.0001, 'n_steps': 512, 'n_epochs': 5, 'vf_coef': 0.25, 'ent_coef': 0.01, 'batch_size': 64, 'rl_avg_profit': 257.75602365012963, 'rl_avg_stockouts': 0.0, 'rl_avg_inventory': 93.1203730962048, 'train_time_s': 80.25803232192993}
Testing combo 279: hc=0.5, of=30.0, sp=200.0, lr=0.0001, n_steps=512, batch_size=64
 Result: {'holding_cost': 0.5, 'order_fixed': 30.0, 'stockout_penalty': 200.0, 'learning_rate': 0.0001, 'n_steps': 512, 'n_epochs': 8, 'vf_coef': 0.25, 'ent_coef': 0.0, 'batch_size': 64, 'rl_avg_profit': 248.95115422901887, 'rl_avg_stockouts': 0.0, 'rl_avg_inventory': 116.21828944794117, 'train_time_s': 102.23515915870667}
Testing combo 280: hc=0.5, of=30.0, sp=200.0, lr=0.0001, n_steps=512, batch_size=64
 Result: {'holding_cost': 0.5, 'order_fixed': 30.0, 'stockout_penalty': 200.0, 'learning_rate': 0.0001, 'n_steps': 512, 'n_epochs': 8, 'vf_coef': 0.25, 'ent_coef': 0.01, 'batch_size': 64, 'rl_avg_profit': 240.96057117983983, 'rl_avg_stockouts': 0.0, 'rl_avg_inventory': 121.8366491239365, 'train_time_s': 102.82308983802795}
Testing combo 281: hc=0.5, of=30.0, sp=200.0, lr=0.0001, n_steps=2048, batch_size=64
 Result: {'holding_cost': 0.5, 'order_fixed': 30.0, 'stockout_penalty': 200.0, 'learning_rate': 0.0001, 'n_steps': 2048, 'n_epochs': 5, 'vf_coef': 0.25, 'ent_coef': 0.0, 'batch_size': 64, 'rl_avg_profit': 269.9561154743511, 'rl_avg_stockouts': 0.0, 'rl_avg_inventory': 75.38831197346727, 'train_time_s': 89.16538500785828}
Testing combo 282: hc=0.5, of=30.0, sp=200.0, lr=0.0001, n_steps=2048, batch_size=64
 Result: {'holding_cost': 0.5, 'order_fixed': 30.0, 'stockout_penalty': 200.0, 'learning_rate': 0.0001, 'n_steps': 2048, 'n_epochs': 5, 'vf_coef': 0.25, 'ent_coef': 0.01, 'batch_size': 64, 'rl_avg_profit': 267.5491282891656, 'rl_avg_stockouts': 0.0, 'rl_avg_inventory': 74.16685390054363, 'train_time_s': 87.27587604522705}
Testing combo 283: hc=0.5, of=30.0, sp=200.0, lr=0.0001, n_steps=2048, batch_size=64
 Result: {'holding_cost': 0.5, 'order_fixed': 30.0, 'stockout_penalty': 200.0, 'learning_rate': 0.0001, 'n_steps': 2048, 'n_epochs': 8, 'vf_coef': 0.25, 'ent_coef': 0.0, 'batch_size': 64, 'rl_avg_profit': 268.44250462922463, 'rl_avg_stockouts': 0.0, 'rl_avg_inventory': 76.06394030531791, 'train_time_s': 110.93068504333496}
Testing combo 284: hc=0.5, of=30.0, sp=200.0, lr=0.0001, n_steps=2048, batch_size=64
 Result: {'holding_cost': 0.5, 'order_fixed': 30.0, 'stockout_penalty': 200.0, 'learning_rate': 0.0001, 'n_steps': 2048, 'n_epochs': 8, 'vf_coef': 0.25, 'ent_coef': 0.01, 'batch_size': 64, 'rl_avg_profit': 250.2488985748254, 'rl_avg_stockouts': 0.0, 'rl_avg_inventory': 103.39071011896003, 'train_time_s': 115.45325660705566}
Testing combo 285: hc=0.5, of=30.0, sp=200.0, lr=0.0001, n_steps=1024, batch_size=64
 Result: {'holding_cost': 0.5, 'order_fixed': 30.0, 'stockout_penalty': 200.0, 'learning_rate': 0.0001, 'n_steps': 1024, 'n_epochs': 5, 'vf_coef': 0.25, 'ent_coef': 0.0, 'batch_size': 64, 'rl_avg_profit': 264.0733274212818, 'rl_avg_stockouts': 0.0, 'rl_avg_inventory': 78.33455465133878, 'train_time_s': 84.4913923740387}
Testing combo 286: hc=0.5, of=30.0, sp=200.0, lr=0.0001, n_steps=1024, batch_size=64
 Result: {'holding_cost': 0.5, 'order_fixed': 30.0, 'stockout_penalty': 200.0, 'learning_rate': 0.0001, 'n_steps': 1024, 'n_epochs': 5, 'vf_coef': 0.25, 'ent_coef': 0.01, 'batch_size': 64, 'rl_avg_profit': 254.2143550142377, 'rl_avg_stockouts': 0.0, 'rl_avg_inventory': 98.94423103018983, 'train_time_s': 84.79183435440063}
Testing combo 287: hc=0.5, of=30.0, sp=200.0, lr=0.0001, n_steps=1024, batch_size=64
 Result: {'holding_cost': 0.5, 'order_fixed': 30.0, 'stockout_penalty': 200.0, 'learning_rate': 0.0001, 'n_steps': 1024, 'n_epochs': 8, 'vf_coef': 0.25, 'ent_coef': 0.0, 'batch_size': 64, 'rl_avg_profit': 247.98636960375683, 'rl_avg_stockouts': 0.0, 'rl_avg_inventory': 110.81334040811616, 'train_time_s': 106.91870021820068}
Testing combo 288: hc=0.5, of=30.0, sp=200.0, lr=0.0001, n_steps=1024, batch_size=64
 Result: {'holding_cost': 0.5, 'order_fixed': 30.0, 'stockout_penalty': 200.0, 'learning_rate': 0.0001, 'n_steps': 1024, 'n_epochs': 8, 'vf_coef': 0.25, 'ent_coef': 0.01, 'batch_size': 64, 'rl_avg_profit': 264.32504194310087, 'rl_avg_stockouts': 0.0, 'rl_avg_inventory': 80.52740082936744, 'train_time_s': 106.27849102020264}
Testing combo 289: hc=0.5, of=50.0, sp=10.0, lr=3e-05, n_steps=512, batch_size=64
 Result: {'holding_cost': 0.5, 'order_fixed': 50.0, 'stockout_penalty': 10.0, 'learning_rate': 3e-05, 'n_steps': 512, 'n_epochs': 5, 'vf_coef': 0.25, 'ent_coef': 0.0, 'batch_size': 64, 'rl_avg_profit': 110.05629732377047, 'rl_avg_stockouts': 7868.269149960586, 'rl_avg_inventory': 8.093631838527443, 'train_time_s': 86.17306709289551}
Testing combo 290: hc=0.5, of=50.0, sp=10.0, lr=3e-05, n_steps=512, batch_size=64
 Result: {'holding_cost': 0.5, 'order_fixed': 50.0, 'stockout_penalty': 10.0, 'learning_rate': 3e-05, 'n_steps': 512, 'n_epochs': 5, 'vf_coef': 0.25, 'ent_coef': 0.01, 'batch_size': 64, 'rl_avg_profit': 239.23869528130294, 'rl_avg_stockouts': 2208.3882092869926, 'rl_avg_inventory': 16.545131485826552, 'train_time_s': 86.63834595680237}
Testing combo 291: hc=0.5, of=50.0, sp=10.0, lr=3e-05, n_steps=512, batch_size=64
 Result: {'holding_cost': 0.5, 'order_fixed': 50.0, 'stockout_penalty': 10.0, 'learning_rate': 3e-05, 'n_steps': 512, 'n_epochs': 8, 'vf_coef': 0.25, 'ent_coef': 0.0, 'batch_size': 64, 'rl_avg_profit': 253.83430317683278, 'rl_avg_stockouts': 1609.1266419328024, 'rl_avg_inventory': 23.085346728906238, 'train_time_s': 109.40828967094421}
Testing combo 292: hc=0.5, of=50.0, sp=10.0, lr=3e-05, n_steps=512, batch_size=64
 Result: {'holding_cost': 0.5, 'order_fixed': 50.0, 'stockout_penalty': 10.0, 'learning_rate': 3e-05, 'n_steps': 512, 'n_epochs': 8, 'vf_coef': 0.25, 'ent_coef': 0.01, 'batch_size': 64, 'rl_avg_profit': 230.88731200711578, 'rl_avg_stockouts': 2702.6523287862824, 'rl_avg_inventory': 13.038490808500004, 'train_time_s': 106.42027926445007}
Testing combo 293: hc=0.5, of=50.0, sp=10.0, lr=3e-05, n_steps=2048, batch_size=64
 Result: {'holding_cost': 0.5, 'order_fixed': 50.0, 'stockout_penalty': 10.0, 'learning_rate': 3e-05, 'n_steps': 2048, 'n_epochs': 5, 'vf_coef': 0.25, 'ent_coef': 0.0, 'batch_size': 64, 'rl_avg_profit': 8.684264539114661, 'rl_avg_stockouts': 12127.260166217926, 'rl_avg_inventory': 1.5625007468000156, 'train_time_s': 87.79531788825989}
Testing combo 294: hc=0.5, of=50.0, sp=10.0, lr=3e-05, n_steps=2048, batch_size=64
 Result: {'holding_cost': 0.5, 'order_fixed': 50.0, 'stockout_penalty': 10.0, 'learning_rate': 3e-05, 'n_steps': 2048, 'n_epochs': 5, 'vf_coef': 0.25, 'ent_coef': 0.01, 'batch_size': 64, 'rl_avg_profit': 114.26917258724086, 'rl_avg_stockouts': 7590.182713210566, 'rl_avg_inventory': 8.160568288941294, 'train_time_s': 87.5979437828064}
Testing combo 295: hc=0.5, of=50.0, sp=10.0, lr=3e-05, n_steps=2048, batch_size=64
 Result: {'holding_cost': 0.5, 'order_fixed': 50.0, 'stockout_penalty': 10.0, 'learning_rate': 3e-05, 'n_steps': 2048, 'n_epochs': 8, 'vf_coef': 0.25, 'ent_coef': 0.0, 'batch_size': 64, 'rl_avg_profit': 232.65574791224304, 'rl_avg_stockouts': 2705.0630405135353, 'rl_avg_inventory': 13.140303115244597, 'train_time_s': 111.29806447029114}
Testing combo 296: hc=0.5, of=50.0, sp=10.0, lr=3e-05, n_steps=2048, batch_size=64
 Result: {'holding_cost': 0.5, 'order_fixed': 50.0, 'stockout_penalty': 10.0, 'learning_rate': 3e-05, 'n_steps': 2048, 'n_epochs': 8, 'vf_coef': 0.25, 'ent_coef': 0.01, 'batch_size': 64, 'rl_avg_profit': 283.23013524836216, 'rl_avg_stockouts': 15.421006779010366, 'rl_avg_inventory': 37.66026339491753, 'train_time_s': 111.4171404838562}
Testing combo 297: hc=0.5, of=50.0, sp=10.0, lr=3e-05, n_steps=1024, batch_size=64
 Result: {'holding_cost': 0.5, 'order_fixed': 50.0, 'stockout_penalty': 10.0, 'learning_rate': 3e-05, 'n_steps': 1024, 'n_epochs': 5, 'vf_coef': 0.25, 'ent_coef': 0.0, 'batch_size': 64, 'rl_avg_profit': 211.71307806472564, 'rl_avg_stockouts': 3689.076301991977, 'rl_avg_inventory': 4.718424983253089, 'train_time_s': 87.47740817070007}
Testing combo 298: hc=0.5, of=50.0, sp=10.0, lr=3e-05, n_steps=1024, batch_size=64
 Result: {'holding_cost': 0.5, 'order_fixed': 50.0, 'stockout_penalty': 10.0, 'learning_rate': 3e-05, 'n_steps': 1024, 'n_epochs': 5, 'vf_coef': 0.25, 'ent_coef': 0.01, 'batch_size': 64, 'rl_avg_profit': -8.08389397228338, 'rl_avg_stockouts': 12858.417197091254, 'rl_avg_inventory': 0.8568111662015523, 'train_time_s': 85.78677248954773}
Testing combo 299: hc=0.5, of=50.0, sp=10.0, lr=3e-05, n_steps=1024, batch_size=64
 Result: {'holding_cost': 0.5, 'order_fixed': 50.0, 'stockout_penalty': 10.0, 'learning_rate': 3e-05, 'n_steps': 1024, 'n_epochs': 8, 'vf_coef': 0.25, 'ent_coef': 0.0, 'batch_size': 64, 'rl_avg_profit': 279.3505016508244, 'rl_avg_stockouts': 378.5544447770417, 'rl_avg_inventory': 21.167477998917235, 'train_time_s': 104.23021578788757}
Testing combo 300: hc=0.5, of=50.0, sp=10.0, lr=3e-05, n_steps=1024, batch_size=64
 Result: {'holding_cost': 0.5, 'order_fixed': 50.0, 'stockout_penalty': 10.0, 'learning_rate': 3e-05, 'n_steps': 1024, 'n_epochs': 8, 'vf_coef': 0.25, 'ent_coef': 0.01, 'batch_size': 64, 'rl_avg_profit': 150.84819563477248, 'rl_avg_stockouts': 6110.724505567907, 'rl_avg_inventory': 7.652783217363263, 'train_time_s': 104.12893295288086}
Testing combo 301: hc=0.5, of=50.0, sp=10.0, lr=0.0001, n_steps=512, batch_size=64
 Result: {'holding_cost': 0.5, 'order_fixed': 50.0, 'stockout_penalty': 10.0, 'learning_rate': 0.0001, 'n_steps': 512, 'n_epochs': 5, 'vf_coef': 0.25, 'ent_coef': 0.0, 'batch_size': 64, 'rl_avg_profit': 166.26260405684596, 'rl_avg_stockouts': 5407.3232439674, 'rl_avg_inventory': 13.067055530873674, 'train_time_s': 82.28555679321289}
Testing combo 302: hc=0.5, of=50.0, sp=10.0, lr=0.0001, n_steps=512, batch_size=64
 Result: {'holding_cost': 0.5, 'order_fixed': 50.0, 'stockout_penalty': 10.0, 'learning_rate': 0.0001, 'n_steps': 512, 'n_epochs': 5, 'vf_coef': 0.25, 'ent_coef': 0.01, 'batch_size': 64, 'rl_avg_profit': 109.97130524465828, 'rl_avg_stockouts': 7679.601719210918, 'rl_avg_inventory': 16.162245453106216, 'train_time_s': 85.52296590805054}
Testing combo 303: hc=0.5, of=50.0, sp=10.0, lr=0.0001, n_steps=512, batch_size=64
 Result: {'holding_cost': 0.5, 'order_fixed': 50.0, 'stockout_penalty': 10.0, 'learning_rate': 0.0001, 'n_steps': 512, 'n_epochs': 8, 'vf_coef': 0.25, 'ent_coef': 0.0, 'batch_size': 64, 'rl_avg_profit': 272.66729142926704, 'rl_avg_stockouts': 614.8606488706672, 'rl_avg_inventory': 24.206481691680544, 'train_time_s': 104.6723518371582}
Testing combo 304: hc=0.5, of=50.0, sp=10.0, lr=0.0001, n_steps=512, batch_size=64
 Result: {'holding_cost': 0.5, 'order_fixed': 50.0, 'stockout_penalty': 10.0, 'learning_rate': 0.0001, 'n_steps': 512, 'n_epochs': 8, 'vf_coef': 0.25, 'ent_coef': 0.01, 'batch_size': 64, 'rl_avg_profit': 261.109282719368, 'rl_avg_stockouts': 1117.4557397280541, 'rl_avg_inventory': 29.96030560117878, 'train_time_s': 108.99206018447876}
Testing combo 305: hc=0.5, of=50.0, sp=10.0, lr=0.0001, n_steps=2048, batch_size=64
 Result: {'holding_cost': 0.5, 'order_fixed': 50.0, 'stockout_penalty': 10.0, 'learning_rate': 0.0001, 'n_steps': 2048, 'n_epochs': 5, 'vf_coef': 0.25, 'ent_coef': 0.0, 'batch_size': 64, 'rl_avg_profit': 272.72399861856366, 'rl_avg_stockouts': 598.1382598944675, 'rl_avg_inventory': 25.618854010790994, 'train_time_s': 84.27921485900879}
Testing combo 306: hc=0.5, of=50.0, sp=10.0, lr=0.0001, n_steps=2048, batch_size=64
 Result: {'holding_cost': 0.5, 'order_fixed': 50.0, 'stockout_penalty': 10.0, 'learning_rate': 0.0001, 'n_steps': 2048, 'n_epochs': 5, 'vf_coef': 0.25, 'ent_coef': 0.01, 'batch_size': 64, 'rl_avg_profit': 61.512733177679785, 'rl_avg_stockouts': 10067.85755606452, 'rl_avg_inventory': 1.6890334893857442, 'train_time_s': 85.09101104736328}
Testing combo 307: hc=0.5, of=50.0, sp=10.0, lr=0.0001, n_steps=2048, batch_size=64
 Result: {'holding_cost': 0.5, 'order_fixed': 50.0, 'stockout_penalty': 10.0, 'learning_rate': 0.0001, 'n_steps': 2048, 'n_epochs': 8, 'vf_coef': 0.25, 'ent_coef': 0.0, 'batch_size': 64, 'rl_avg_profit': 280.95140312101796, 'rl_avg_stockouts': 259.0033012952098, 'rl_avg_inventory': 34.70419294311576, 'train_time_s': 111.70528721809387}
Testing combo 308: hc=0.5, of=50.0, sp=10.0, lr=0.0001, n_steps=2048, batch_size=64
 Result: {'holding_cost': 0.5, 'order_fixed': 50.0, 'stockout_penalty': 10.0, 'learning_rate': 0.0001, 'n_steps': 2048, 'n_epochs': 8, 'vf_coef': 0.25, 'ent_coef': 0.01, 'batch_size': 64, 'rl_avg_profit': 259.1288595317247, 'rl_avg_stockouts': 1113.4070027723467, 'rl_avg_inventory': 29.206825218102704, 'train_time_s': 111.88363456726074}
Testing combo 309: hc=0.5, of=50.0, sp=10.0, lr=0.0001, n_steps=1024, batch_size=64
 Result: {'holding_cost': 0.5, 'order_fixed': 50.0, 'stockout_penalty': 10.0, 'learning_rate': 0.0001, 'n_steps': 1024, 'n_epochs': 5, 'vf_coef': 0.25, 'ent_coef': 0.0, 'batch_size': 64, 'rl_avg_profit': 99.03251349150307, 'rl_avg_stockouts': 8321.266087803291, 'rl_avg_inventory': 7.91747958710315, 'train_time_s': 85.2757477760315}
Testing combo 310: hc=0.5, of=50.0, sp=10.0, lr=0.0001, n_steps=1024, batch_size=64
 Result: {'holding_cost': 0.5, 'order_fixed': 50.0, 'stockout_penalty': 10.0, 'learning_rate': 0.0001, 'n_steps': 1024, 'n_epochs': 5, 'vf_coef': 0.25, 'ent_coef': 0.01, 'batch_size': 64, 'rl_avg_profit': -202.67516710819717, 'rl_avg_stockouts': 20994.156925280135, 'rl_avg_inventory': 0.2593568377206995, 'train_time_s': 86.1598653793335}
Testing combo 311: hc=0.5, of=50.0, sp=10.0, lr=0.0001, n_steps=1024, batch_size=64
 Result: {'holding_cost': 0.5, 'order_fixed': 50.0, 'stockout_penalty': 10.0, 'learning_rate': 0.0001, 'n_steps': 1024, 'n_epochs': 8, 'vf_coef': 0.25, 'ent_coef': 0.0, 'batch_size': 64, 'rl_avg_profit': 154.78392574931664, 'rl_avg_stockouts': 5704.111685812923, 'rl_avg_inventory': 20.80576532932177, 'train_time_s': 112.0562858581543}
Testing combo 312: hc=0.5, of=50.0, sp=10.0, lr=0.0001, n_steps=1024, batch_size=64
 Result: {'holding_cost': 0.5, 'order_fixed': 50.0, 'stockout_penalty': 10.0, 'learning_rate': 0.0001, 'n_steps': 1024, 'n_epochs': 8, 'vf_coef': 0.25, 'ent_coef': 0.01, 'batch_size': 64, 'rl_avg_profit': 260.26689001463683, 'rl_avg_stockouts': 1388.8282115087695, 'rl_avg_inventory': 19.083185447478947, 'train_time_s': 104.93280863761902}
Testing combo 313: hc=0.5, of=50.0, sp=50.0, lr=3e-05, n_steps=512, batch_size=64
 Result: {'holding_cost': 0.5, 'order_fixed': 50.0, 'stockout_penalty': 50.0, 'learning_rate': 3e-05, 'n_steps': 512, 'n_epochs': 5, 'vf_coef': 0.25, 'ent_coef': 0.0, 'batch_size': 64, 'rl_avg_profit': 254.43584148173096, 'rl_avg_stockouts': 0.0, 'rl_avg_inventory': 79.49693610831483, 'train_time_s': 83.35093712806702}
Testing combo 314: hc=0.5, of=50.0, sp=50.0, lr=3e-05, n_steps=512, batch_size=64
 Result: {'holding_cost': 0.5, 'order_fixed': 50.0, 'stockout_penalty': 50.0, 'learning_rate': 3e-05, 'n_steps': 512, 'n_epochs': 5, 'vf_coef': 0.25, 'ent_coef': 0.01, 'batch_size': 64, 'rl_avg_profit': 251.0181588323541, 'rl_avg_stockouts': 0.0, 'rl_avg_inventory': 92.24633687894638, 'train_time_s': 83.08626294136047}
Testing combo 315: hc=0.5, of=50.0, sp=50.0, lr=3e-05, n_steps=512, batch_size=64
 Result: {'holding_cost': 0.5, 'order_fixed': 50.0, 'stockout_penalty': 50.0, 'learning_rate': 3e-05, 'n_steps': 512, 'n_epochs': 8, 'vf_coef': 0.25, 'ent_coef': 0.0, 'batch_size': 64, 'rl_avg_profit': 270.8181798722385, 'rl_avg_stockouts': 1.5672315808315815, 'rl_avg_inventory': 58.191894924738634, 'train_time_s': 106.28786754608154}
Testing combo 316: hc=0.5, of=50.0, sp=50.0, lr=3e-05, n_steps=512, batch_size=64
 Result: {'holding_cost': 0.5, 'order_fixed': 50.0, 'stockout_penalty': 50.0, 'learning_rate': 3e-05, 'n_steps': 512, 'n_epochs': 8, 'vf_coef': 0.25, 'ent_coef': 0.01, 'batch_size': 64, 'rl_avg_profit': 270.19286514205686, 'rl_avg_stockouts': 2.7649023203166267, 'rl_avg_inventory': 53.786685369569966, 'train_time_s': 107.69649171829224}
Testing combo 317: hc=0.5, of=50.0, sp=50.0, lr=3e-05, n_steps=2048, batch_size=64
 Result: {'holding_cost': 0.5, 'order_fixed': 50.0, 'stockout_penalty': 50.0, 'learning_rate': 3e-05, 'n_steps': 2048, 'n_epochs': 5, 'vf_coef': 0.25, 'ent_coef': 0.0, 'batch_size': 64, 'rl_avg_profit': 272.16441368513995, 'rl_avg_stockouts': 0.0, 'rl_avg_inventory': 54.802811061911385, 'train_time_s': 84.2031741142273}
Testing combo 318: hc=0.5, of=50.0, sp=50.0, lr=3e-05, n_steps=2048, batch_size=64
 Result: {'holding_cost': 0.5, 'order_fixed': 50.0, 'stockout_penalty': 50.0, 'learning_rate': 3e-05, 'n_steps': 2048, 'n_epochs': 5, 'vf_coef': 0.25, 'ent_coef': 0.01, 'batch_size': 64, 'rl_avg_profit': 264.48911677707395, 'rl_avg_stockouts': 0.0, 'rl_avg_inventory': 67.92767350497311, 'train_time_s': 82.43504762649536}
Testing combo 319: hc=0.5, of=50.0, sp=50.0, lr=3e-05, n_steps=2048, batch_size=64
 Result: {'holding_cost': 0.5, 'order_fixed': 50.0, 'stockout_penalty': 50.0, 'learning_rate': 3e-05, 'n_steps': 2048, 'n_epochs': 8, 'vf_coef': 0.25, 'ent_coef': 0.0, 'batch_size': 64, 'rl_avg_profit': 277.6883389095311, 'rl_avg_stockouts': 0.07477799995051555, 'rl_avg_inventory': 44.616510659831846, 'train_time_s': 105.25712394714355}
Testing combo 320: hc=0.5, of=50.0, sp=50.0, lr=3e-05, n_steps=2048, batch_size=64
 Result: {'holding_cost': 0.5, 'order_fixed': 50.0, 'stockout_penalty': 50.0, 'learning_rate': 3e-05, 'n_steps': 2048, 'n_epochs': 8, 'vf_coef': 0.25, 'ent_coef': 0.01, 'batch_size': 64, 'rl_avg_profit': 272.5029715042636, 'rl_avg_stockouts': 3.756111014967204, 'rl_avg_inventory': 59.77338672376659, 'train_time_s': 105.67851877212524}
Testing combo 321: hc=0.5, of=50.0, sp=50.0, lr=3e-05, n_steps=1024, batch_size=64
 Result: {'holding_cost': 0.5, 'order_fixed': 50.0, 'stockout_penalty': 50.0, 'learning_rate': 3e-05, 'n_steps': 1024, 'n_epochs': 5, 'vf_coef': 0.25, 'ent_coef': 0.0, 'batch_size': 64, 'rl_avg_profit': 281.16574318020366, 'rl_avg_stockouts': 10.626642668983965, 'rl_avg_inventory': 39.588462441326826, 'train_time_s': 81.73604702949524}
Testing combo 322: hc=0.5, of=50.0, sp=50.0, lr=3e-05, n_steps=1024, batch_size=64
 Result: {'holding_cost': 0.5, 'order_fixed': 50.0, 'stockout_penalty': 50.0, 'learning_rate': 3e-05, 'n_steps': 1024, 'n_epochs': 5, 'vf_coef': 0.25, 'ent_coef': 0.01, 'batch_size': 64, 'rl_avg_profit': 255.7537979080169, 'rl_avg_stockouts': 0.0, 'rl_avg_inventory': 83.70239830330625, 'train_time_s': 81.93515491485596}
Testing combo 323: hc=0.5, of=50.0, sp=50.0, lr=3e-05, n_steps=1024, batch_size=64
 Result: {'holding_cost': 0.5, 'order_fixed': 50.0, 'stockout_penalty': 50.0, 'learning_rate': 3e-05, 'n_steps': 1024, 'n_epochs': 8, 'vf_coef': 0.25, 'ent_coef': 0.0, 'batch_size': 64, 'rl_avg_profit': 277.55622908136104, 'rl_avg_stockouts': 0.5221413468415804, 'rl_avg_inventory': 43.19791806991786, 'train_time_s': 107.87260818481445}
Testing combo 324: hc=0.5, of=50.0, sp=50.0, lr=3e-05, n_steps=1024, batch_size=64
 Result: {'holding_cost': 0.5, 'order_fixed': 50.0, 'stockout_penalty': 50.0, 'learning_rate': 3e-05, 'n_steps': 1024, 'n_epochs': 8, 'vf_coef': 0.25, 'ent_coef': 0.01, 'batch_size': 64, 'rl_avg_profit': 260.06345969607656, 'rl_avg_stockouts': 0.0, 'rl_avg_inventory': 72.908271902424, 'train_time_s': 110.93565535545349}
Testing combo 325: hc=0.5, of=50.0, sp=50.0, lr=0.0001, n_steps=512, batch_size=64
 Result: {'holding_cost': 0.5, 'order_fixed': 50.0, 'stockout_penalty': 50.0, 'learning_rate': 0.0001, 'n_steps': 512, 'n_epochs': 5, 'vf_coef': 0.25, 'ent_coef': 0.0, 'batch_size': 64, 'rl_avg_profit': 275.67600259741675, 'rl_avg_stockouts': 129.09365101866047, 'rl_avg_inventory': 32.60157234714456, 'train_time_s': 83.0875256061554}
Testing combo 326: hc=0.5, of=50.0, sp=50.0, lr=0.0001, n_steps=512, batch_size=64
 Result: {'holding_cost': 0.5, 'order_fixed': 50.0, 'stockout_penalty': 50.0, 'learning_rate': 0.0001, 'n_steps': 512, 'n_epochs': 5, 'vf_coef': 0.25, 'ent_coef': 0.01, 'batch_size': 64, 'rl_avg_profit': 272.55111355358525, 'rl_avg_stockouts': 11.753775797832242, 'rl_avg_inventory': 51.391313690812616, 'train_time_s': 83.61138725280762}
Testing combo 327: hc=0.5, of=50.0, sp=50.0, lr=0.0001, n_steps=512, batch_size=64
 Result: {'holding_cost': 0.5, 'order_fixed': 50.0, 'stockout_penalty': 50.0, 'learning_rate': 0.0001, 'n_steps': 512, 'n_epochs': 8, 'vf_coef': 0.25, 'ent_coef': 0.0, 'batch_size': 64, 'rl_avg_profit': 250.91742694161536, 'rl_avg_stockouts': 356.4555111328615, 'rl_avg_inventory': 45.664178868123926, 'train_time_s': 106.68861150741577}
Testing combo 328: hc=0.5, of=50.0, sp=50.0, lr=0.0001, n_steps=512, batch_size=64
 Result: {'holding_cost': 0.5, 'order_fixed': 50.0, 'stockout_penalty': 50.0, 'learning_rate': 0.0001, 'n_steps': 512, 'n_epochs': 8, 'vf_coef': 0.25, 'ent_coef': 0.01, 'batch_size': 64, 'rl_avg_profit': 180.8234922245089, 'rl_avg_stockouts': 1613.4265908397742, 'rl_avg_inventory': 31.634915310324054, 'train_time_s': 110.29466366767883}
Testing combo 329: hc=0.5, of=50.0, sp=50.0, lr=0.0001, n_steps=2048, batch_size=64
 Result: {'holding_cost': 0.5, 'order_fixed': 50.0, 'stockout_penalty': 50.0, 'learning_rate': 0.0001, 'n_steps': 2048, 'n_epochs': 5, 'vf_coef': 0.25, 'ent_coef': 0.0, 'batch_size': 64, 'rl_avg_profit': 274.503160130779, 'rl_avg_stockouts': 62.88589052125219, 'rl_avg_inventory': 44.84261466770956, 'train_time_s': 85.88757538795471}
Testing combo 330: hc=0.5, of=50.0, sp=50.0, lr=0.0001, n_steps=2048, batch_size=64
 Result: {'holding_cost': 0.5, 'order_fixed': 50.0, 'stockout_penalty': 50.0, 'learning_rate': 0.0001, 'n_steps': 2048, 'n_epochs': 5, 'vf_coef': 0.25, 'ent_coef': 0.01, 'batch_size': 64, 'rl_avg_profit': 272.52083162691144, 'rl_avg_stockouts': 28.981043850493574, 'rl_avg_inventory': 52.56795736548018, 'train_time_s': 82.67940855026245}
Testing combo 331: hc=0.5, of=50.0, sp=50.0, lr=0.0001, n_steps=2048, batch_size=64
 Result: {'holding_cost': 0.5, 'order_fixed': 50.0, 'stockout_penalty': 50.0, 'learning_rate': 0.0001, 'n_steps': 2048, 'n_epochs': 8, 'vf_coef': 0.25, 'ent_coef': 0.0, 'batch_size': 64, 'rl_avg_profit': 269.0425555549533, 'rl_avg_stockouts': 7.063032070714996, 'rl_avg_inventory': 58.27581468033465, 'train_time_s': 111.70863842964172}
Testing combo 332: hc=0.5, of=50.0, sp=50.0, lr=0.0001, n_steps=2048, batch_size=64
 Result: {'holding_cost': 0.5, 'order_fixed': 50.0, 'stockout_penalty': 50.0, 'learning_rate': 0.0001, 'n_steps': 2048, 'n_epochs': 8, 'vf_coef': 0.25, 'ent_coef': 0.01, 'batch_size': 64, 'rl_avg_profit': 271.9994942821372, 'rl_avg_stockouts': 104.06940439900067, 'rl_avg_inventory': 47.86845822948298, 'train_time_s': 109.54490399360657}
Testing combo 333: hc=0.5, of=50.0, sp=50.0, lr=0.0001, n_steps=1024, batch_size=64
 Result: {'holding_cost': 0.5, 'order_fixed': 50.0, 'stockout_penalty': 50.0, 'learning_rate': 0.0001, 'n_steps': 1024, 'n_epochs': 5, 'vf_coef': 0.25, 'ent_coef': 0.0, 'batch_size': 64, 'rl_avg_profit': 272.92100337091006, 'rl_avg_stockouts': 25.841232403503575, 'rl_avg_inventory': 54.13539197895625, 'train_time_s': 88.05555582046509}
Testing combo 334: hc=0.5, of=50.0, sp=50.0, lr=0.0001, n_steps=1024, batch_size=64
 Result: {'holding_cost': 0.5, 'order_fixed': 50.0, 'stockout_penalty': 50.0, 'learning_rate': 0.0001, 'n_steps': 1024, 'n_epochs': 5, 'vf_coef': 0.25, 'ent_coef': 0.01, 'batch_size': 64, 'rl_avg_profit': 268.1685252884568, 'rl_avg_stockouts': 121.67724023974422, 'rl_avg_inventory': 51.5740504664591, 'train_time_s': 89.05034375190735}
Testing combo 335: hc=0.5, of=50.0, sp=50.0, lr=0.0001, n_steps=1024, batch_size=64
 Result: {'holding_cost': 0.5, 'order_fixed': 50.0, 'stockout_penalty': 50.0, 'learning_rate': 0.0001, 'n_steps': 1024, 'n_epochs': 8, 'vf_coef': 0.25, 'ent_coef': 0.0, 'batch_size': 64, 'rl_avg_profit': 274.1215787654521, 'rl_avg_stockouts': 59.44685118068005, 'rl_avg_inventory': 47.5900411929823, 'train_time_s': 103.16455698013306}
Testing combo 336: hc=0.5, of=50.0, sp=50.0, lr=0.0001, n_steps=1024, batch_size=64
 Result: {'holding_cost': 0.5, 'order_fixed': 50.0, 'stockout_penalty': 50.0, 'learning_rate': 0.0001, 'n_steps': 1024, 'n_epochs': 8, 'vf_coef': 0.25, 'ent_coef': 0.01, 'batch_size': 64, 'rl_avg_profit': 265.7213767392468, 'rl_avg_stockouts': 20.246347520406083, 'rl_avg_inventory': 66.03391986846924, 'train_time_s': 103.81376528739929}
Testing combo 337: hc=0.5, of=50.0, sp=100.0, lr=3e-05, n_steps=512, batch_size=64
 Result: {'holding_cost': 0.5, 'order_fixed': 50.0, 'stockout_penalty': 100.0, 'learning_rate': 3e-05, 'n_steps': 512, 'n_epochs': 5, 'vf_coef': 0.25, 'ent_coef': 0.0, 'batch_size': 64, 'rl_avg_profit': 249.5661081466455, 'rl_avg_stockouts': 0.0, 'rl_avg_inventory': 99.29637663540775, 'train_time_s': 81.54155826568604}
Testing combo 338: hc=0.5, of=50.0, sp=100.0, lr=3e-05, n_steps=512, batch_size=64
 Result: {'holding_cost': 0.5, 'order_fixed': 50.0, 'stockout_penalty': 100.0, 'learning_rate': 3e-05, 'n_steps': 512, 'n_epochs': 5, 'vf_coef': 0.25, 'ent_coef': 0.01, 'batch_size': 64, 'rl_avg_profit': 250.49787904617293, 'rl_avg_stockouts': 0.0, 'rl_avg_inventory': 94.72773497281011, 'train_time_s': 81.4994740486145}
Testing combo 339: hc=0.5, of=50.0, sp=100.0, lr=3e-05, n_steps=512, batch_size=64
 Result: {'holding_cost': 0.5, 'order_fixed': 50.0, 'stockout_penalty': 100.0, 'learning_rate': 3e-05, 'n_steps': 512, 'n_epochs': 8, 'vf_coef': 0.25, 'ent_coef': 0.0, 'batch_size': 64, 'rl_avg_profit': 237.00869457886984, 'rl_avg_stockouts': 0.0, 'rl_avg_inventory': 113.20317702619998, 'train_time_s': 109.29046726226807}
Testing combo 340: hc=0.5, of=50.0, sp=100.0, lr=3e-05, n_steps=512, batch_size=64
 Result: {'holding_cost': 0.5, 'order_fixed': 50.0, 'stockout_penalty': 100.0, 'learning_rate': 3e-05, 'n_steps': 512, 'n_epochs': 8, 'vf_coef': 0.25, 'ent_coef': 0.01, 'batch_size': 64, 'rl_avg_profit': 231.47728426676585, 'rl_avg_stockouts': 0.0, 'rl_avg_inventory': 125.81277068255697, 'train_time_s': 109.41871953010559}
Testing combo 341: hc=0.5, of=50.0, sp=100.0, lr=3e-05, n_steps=2048, batch_size=64
 Result: {'holding_cost': 0.5, 'order_fixed': 50.0, 'stockout_penalty': 100.0, 'learning_rate': 3e-05, 'n_steps': 2048, 'n_epochs': 5, 'vf_coef': 0.25, 'ent_coef': 0.0, 'batch_size': 64, 'rl_avg_profit': 265.16942091439194, 'rl_avg_stockouts': 0.0, 'rl_avg_inventory': 67.58736632882733, 'train_time_s': 88.43961358070374}
Testing combo 342: hc=0.5, of=50.0, sp=100.0, lr=3e-05, n_steps=2048, batch_size=64
 Result: {'holding_cost': 0.5, 'order_fixed': 50.0, 'stockout_penalty': 100.0, 'learning_rate': 3e-05, 'n_steps': 2048, 'n_epochs': 5, 'vf_coef': 0.25, 'ent_coef': 0.01, 'batch_size': 64, 'rl_avg_profit': 261.88302952959214, 'rl_avg_stockouts': 0.0, 'rl_avg_inventory': 76.16568723704717, 'train_time_s': 88.26612830162048}
Testing combo 343: hc=0.5, of=50.0, sp=100.0, lr=3e-05, n_steps=2048, batch_size=64
 Result: {'holding_cost': 0.5, 'order_fixed': 50.0, 'stockout_penalty': 100.0, 'learning_rate': 3e-05, 'n_steps': 2048, 'n_epochs': 8, 'vf_coef': 0.25, 'ent_coef': 0.0, 'batch_size': 64, 'rl_avg_profit': 263.66999208262865, 'rl_avg_stockouts': 0.0, 'rl_avg_inventory': 70.04330121393073, 'train_time_s': 114.89064335823059}
Testing combo 344: hc=0.5, of=50.0, sp=100.0, lr=3e-05, n_steps=2048, batch_size=64
 Result: {'holding_cost': 0.5, 'order_fixed': 50.0, 'stockout_penalty': 100.0, 'learning_rate': 3e-05, 'n_steps': 2048, 'n_epochs': 8, 'vf_coef': 0.25, 'ent_coef': 0.01, 'batch_size': 64, 'rl_avg_profit': 253.31781693364374, 'rl_avg_stockouts': 0.0, 'rl_avg_inventory': 89.86637022671634, 'train_time_s': 116.23194169998169}
Testing combo 345: hc=0.5, of=50.0, sp=100.0, lr=3e-05, n_steps=1024, batch_size=64
 Result: {'holding_cost': 0.5, 'order_fixed': 50.0, 'stockout_penalty': 100.0, 'learning_rate': 3e-05, 'n_steps': 1024, 'n_epochs': 5, 'vf_coef': 0.25, 'ent_coef': 0.0, 'batch_size': 64, 'rl_avg_profit': 259.54759711175495, 'rl_avg_stockouts': 0.0, 'rl_avg_inventory': 80.97979134964615, 'train_time_s': 87.82150340080261}
Testing combo 346: hc=0.5, of=50.0, sp=100.0, lr=3e-05, n_steps=1024, batch_size=64
 Result: {'holding_cost': 0.5, 'order_fixed': 50.0, 'stockout_penalty': 100.0, 'learning_rate': 3e-05, 'n_steps': 1024, 'n_epochs': 5, 'vf_coef': 0.25, 'ent_coef': 0.01, 'batch_size': 64, 'rl_avg_profit': 249.2741540981387, 'rl_avg_stockouts': 0.0, 'rl_avg_inventory': 97.33200728743043, 'train_time_s': 87.23899388313293}
Testing combo 347: hc=0.5, of=50.0, sp=100.0, lr=3e-05, n_steps=1024, batch_size=64
 Result: {'holding_cost': 0.5, 'order_fixed': 50.0, 'stockout_penalty': 100.0, 'learning_rate': 3e-05, 'n_steps': 1024, 'n_epochs': 8, 'vf_coef': 0.25, 'ent_coef': 0.0, 'batch_size': 64, 'rl_avg_profit': 271.6036956730234, 'rl_avg_stockouts': 5.641182871498826, 'rl_avg_inventory': 57.865609881257356, 'train_time_s': 103.88936614990234}
Testing combo 348: hc=0.5, of=50.0, sp=100.0, lr=3e-05, n_steps=1024, batch_size=64
 Result: {'holding_cost': 0.5, 'order_fixed': 50.0, 'stockout_penalty': 100.0, 'learning_rate': 3e-05, 'n_steps': 1024, 'n_epochs': 8, 'vf_coef': 0.25, 'ent_coef': 0.01, 'batch_size': 64, 'rl_avg_profit': 250.6061396053632, 'rl_avg_stockouts': 0.0, 'rl_avg_inventory': 96.62686498772608, 'train_time_s': 109.82457399368286}
Testing combo 349: hc=0.5, of=50.0, sp=100.0, lr=0.0001, n_steps=512, batch_size=64
 Result: {'holding_cost': 0.5, 'order_fixed': 50.0, 'stockout_penalty': 100.0, 'learning_rate': 0.0001, 'n_steps': 512, 'n_epochs': 5, 'vf_coef': 0.25, 'ent_coef': 0.0, 'batch_size': 64, 'rl_avg_profit': 266.5824956762676, 'rl_avg_stockouts': 0.0, 'rl_avg_inventory': 57.833407033632874, 'train_time_s': 89.15041327476501}
Testing combo 350: hc=0.5, of=50.0, sp=100.0, lr=0.0001, n_steps=512, batch_size=64
 Result: {'holding_cost': 0.5, 'order_fixed': 50.0, 'stockout_penalty': 100.0, 'learning_rate': 0.0001, 'n_steps': 512, 'n_epochs': 5, 'vf_coef': 0.25, 'ent_coef': 0.01, 'batch_size': 64, 'rl_avg_profit': 243.916109328118, 'rl_avg_stockouts': 32.082110106389884, 'rl_avg_inventory': 98.29125337783603, 'train_time_s': 88.31795144081116}
Testing combo 351: hc=0.5, of=50.0, sp=100.0, lr=0.0001, n_steps=512, batch_size=64
 Result: {'holding_cost': 0.5, 'order_fixed': 50.0, 'stockout_penalty': 100.0, 'learning_rate': 0.0001, 'n_steps': 512, 'n_epochs': 8, 'vf_coef': 0.25, 'ent_coef': 0.0, 'batch_size': 64, 'rl_avg_profit': 237.7795228033733, 'rl_avg_stockouts': 0.0, 'rl_avg_inventory': 118.00764921841558, 'train_time_s': 109.10708618164062}
Testing combo 352: hc=0.5, of=50.0, sp=100.0, lr=0.0001, n_steps=512, batch_size=64
 Result: {'holding_cost': 0.5, 'order_fixed': 50.0, 'stockout_penalty': 100.0, 'learning_rate': 0.0001, 'n_steps': 512, 'n_epochs': 8, 'vf_coef': 0.25, 'ent_coef': 0.01, 'batch_size': 64, 'rl_avg_profit': 258.8632031587018, 'rl_avg_stockouts': 9.005378893801035, 'rl_avg_inventory': 75.31158818075103, 'train_time_s': 106.77473711967468}
Testing combo 353: hc=0.5, of=50.0, sp=100.0, lr=0.0001, n_steps=2048, batch_size=64
 Result: {'holding_cost': 0.5, 'order_fixed': 50.0, 'stockout_penalty': 100.0, 'learning_rate': 0.0001, 'n_steps': 2048, 'n_epochs': 5, 'vf_coef': 0.25, 'ent_coef': 0.0, 'batch_size': 64, 'rl_avg_profit': 262.0060572278789, 'rl_avg_stockouts': 0.0, 'rl_avg_inventory': 71.25333000914692, 'train_time_s': 87.91994714736938}
Testing combo 354: hc=0.5, of=50.0, sp=100.0, lr=0.0001, n_steps=2048, batch_size=64
 Result: {'holding_cost': 0.5, 'order_fixed': 50.0, 'stockout_penalty': 100.0, 'learning_rate': 0.0001, 'n_steps': 2048, 'n_epochs': 5, 'vf_coef': 0.25, 'ent_coef': 0.01, 'batch_size': 64, 'rl_avg_profit': 264.4691015144332, 'rl_avg_stockouts': 0.0, 'rl_avg_inventory': 69.25111041761424, 'train_time_s': 87.32479500770569}
Testing combo 355: hc=0.5, of=50.0, sp=100.0, lr=0.0001, n_steps=2048, batch_size=64
 Result: {'holding_cost': 0.5, 'order_fixed': 50.0, 'stockout_penalty': 100.0, 'learning_rate': 0.0001, 'n_steps': 2048, 'n_epochs': 8, 'vf_coef': 0.25, 'ent_coef': 0.0, 'batch_size': 64, 'rl_avg_profit': 266.61178919721516, 'rl_avg_stockouts': 0.2249548356776046, 'rl_avg_inventory': 62.43555308825349, 'train_time_s': 110.3851797580719}
Testing combo 356: hc=0.5, of=50.0, sp=100.0, lr=0.0001, n_steps=2048, batch_size=64
 Result: {'holding_cost': 0.5, 'order_fixed': 50.0, 'stockout_penalty': 100.0, 'learning_rate': 0.0001, 'n_steps': 2048, 'n_epochs': 8, 'vf_coef': 0.25, 'ent_coef': 0.01, 'batch_size': 64, 'rl_avg_profit': 265.05596680605805, 'rl_avg_stockouts': 0.0, 'rl_avg_inventory': 72.02483225678743, 'train_time_s': 108.18284678459167}
Testing combo 357: hc=0.5, of=50.0, sp=100.0, lr=0.0001, n_steps=1024, batch_size=64
 Result: {'holding_cost': 0.5, 'order_fixed': 50.0, 'stockout_penalty': 100.0, 'learning_rate': 0.0001, 'n_steps': 1024, 'n_epochs': 5, 'vf_coef': 0.25, 'ent_coef': 0.0, 'batch_size': 64, 'rl_avg_profit': 269.5229214836942, 'rl_avg_stockouts': 0.0, 'rl_avg_inventory': 62.33098112759525, 'train_time_s': 89.61966466903687}
Testing combo 358: hc=0.5, of=50.0, sp=100.0, lr=0.0001, n_steps=1024, batch_size=64
 Result: {'holding_cost': 0.5, 'order_fixed': 50.0, 'stockout_penalty': 100.0, 'learning_rate': 0.0001, 'n_steps': 1024, 'n_epochs': 5, 'vf_coef': 0.25, 'ent_coef': 0.01, 'batch_size': 64, 'rl_avg_profit': 255.07102758067649, 'rl_avg_stockouts': 0.0, 'rl_avg_inventory': 88.37501660072641, 'train_time_s': 82.077139377594}
Testing combo 359: hc=0.5, of=50.0, sp=100.0, lr=0.0001, n_steps=1024, batch_size=64
 Result: {'holding_cost': 0.5, 'order_fixed': 50.0, 'stockout_penalty': 100.0, 'learning_rate': 0.0001, 'n_steps': 1024, 'n_epochs': 8, 'vf_coef': 0.25, 'ent_coef': 0.0, 'batch_size': 64, 'rl_avg_profit': 258.29093696232695, 'rl_avg_stockouts': 0.0, 'rl_avg_inventory': 81.88833554411588, 'train_time_s': 110.99548292160034}
Testing combo 360: hc=0.5, of=50.0, sp=100.0, lr=0.0001, n_steps=1024, batch_size=64
 Result: {'holding_cost': 0.5, 'order_fixed': 50.0, 'stockout_penalty': 100.0, 'learning_rate': 0.0001, 'n_steps': 1024, 'n_epochs': 8, 'vf_coef': 0.25, 'ent_coef': 0.01, 'batch_size': 64, 'rl_avg_profit': 261.9087447009109, 'rl_avg_stockouts': 8.477440326257941, 'rl_avg_inventory': 66.66634463480074, 'train_time_s': 110.229177236557}
Testing combo 361: hc=0.5, of=50.0, sp=200.0, lr=3e-05, n_steps=512, batch_size=64
 Result: {'holding_cost': 0.5, 'order_fixed': 50.0, 'stockout_penalty': 200.0, 'learning_rate': 3e-05, 'n_steps': 512, 'n_epochs': 5, 'vf_coef': 0.25, 'ent_coef': 0.0, 'batch_size': 64, 'rl_avg_profit': 228.8676953201481, 'rl_avg_stockouts': 0.0, 'rl_avg_inventory': 131.50397268634953, 'train_time_s': 85.53175258636475}
Testing combo 362: hc=0.5, of=50.0, sp=200.0, lr=3e-05, n_steps=512, batch_size=64
 Result: {'holding_cost': 0.5, 'order_fixed': 50.0, 'stockout_penalty': 200.0, 'learning_rate': 3e-05, 'n_steps': 512, 'n_epochs': 5, 'vf_coef': 0.25, 'ent_coef': 0.01, 'batch_size': 64, 'rl_avg_profit': 220.88495670227084, 'rl_avg_stockouts': 0.0, 'rl_avg_inventory': 145.49642605298186, 'train_time_s': 85.65718984603882}
Testing combo 363: hc=0.5, of=50.0, sp=200.0, lr=3e-05, n_steps=512, batch_size=64
 Result: {'holding_cost': 0.5, 'order_fixed': 50.0, 'stockout_penalty': 200.0, 'learning_rate': 3e-05, 'n_steps': 512, 'n_epochs': 8, 'vf_coef': 0.25, 'ent_coef': 0.0, 'batch_size': 64, 'rl_avg_profit': 229.7163311148642, 'rl_avg_stockouts': 0.0, 'rl_avg_inventory': 134.3788725719713, 'train_time_s': 108.58828401565552}
Testing combo 364: hc=0.5, of=50.0, sp=200.0, lr=3e-05, n_steps=512, batch_size=64
 Result: {'holding_cost': 0.5, 'order_fixed': 50.0, 'stockout_penalty': 200.0, 'learning_rate': 3e-05, 'n_steps': 512, 'n_epochs': 8, 'vf_coef': 0.25, 'ent_coef': 0.01, 'batch_size': 64, 'rl_avg_profit': 248.87717650711684, 'rl_avg_stockouts': 0.0, 'rl_avg_inventory': 99.12575371729186, 'train_time_s': 104.49439191818237}
Testing combo 365: hc=0.5, of=50.0, sp=200.0, lr=3e-05, n_steps=2048, batch_size=64
 Result: {'holding_cost': 0.5, 'order_fixed': 50.0, 'stockout_penalty': 200.0, 'learning_rate': 3e-05, 'n_steps': 2048, 'n_epochs': 5, 'vf_coef': 0.25, 'ent_coef': 0.0, 'batch_size': 64, 'rl_avg_profit': 254.21920723791354, 'rl_avg_stockouts': 0.0, 'rl_avg_inventory': 86.82420759018153, 'train_time_s': 83.58840703964233}
Testing combo 366: hc=0.5, of=50.0, sp=200.0, lr=3e-05, n_steps=2048, batch_size=64
 Result: {'holding_cost': 0.5, 'order_fixed': 50.0, 'stockout_penalty': 200.0, 'learning_rate': 3e-05, 'n_steps': 2048, 'n_epochs': 5, 'vf_coef': 0.25, 'ent_coef': 0.01, 'batch_size': 64, 'rl_avg_profit': 244.94255542252503, 'rl_avg_stockouts': 0.0, 'rl_avg_inventory': 106.66571859281358, 'train_time_s': 83.54278349876404}
Testing combo 367: hc=0.5, of=50.0, sp=200.0, lr=3e-05, n_steps=2048, batch_size=64
 Result: {'holding_cost': 0.5, 'order_fixed': 50.0, 'stockout_penalty': 200.0, 'learning_rate': 3e-05, 'n_steps': 2048, 'n_epochs': 8, 'vf_coef': 0.25, 'ent_coef': 0.0, 'batch_size': 64, 'rl_avg_profit': 254.71654613949053, 'rl_avg_stockouts': 0.0, 'rl_avg_inventory': 83.75952323600038, 'train_time_s': 106.56549096107483}
Testing combo 368: hc=0.5, of=50.0, sp=200.0, lr=3e-05, n_steps=2048, batch_size=64
 Result: {'holding_cost': 0.5, 'order_fixed': 50.0, 'stockout_penalty': 200.0, 'learning_rate': 3e-05, 'n_steps': 2048, 'n_epochs': 8, 'vf_coef': 0.25, 'ent_coef': 0.01, 'batch_size': 64, 'rl_avg_profit': 247.679479503373, 'rl_avg_stockouts': 0.0, 'rl_avg_inventory': 99.42745035040869, 'train_time_s': 109.8477714061737}
Testing combo 369: hc=0.5, of=50.0, sp=200.0, lr=3e-05, n_steps=1024, batch_size=64
 Result: {'holding_cost': 0.5, 'order_fixed': 50.0, 'stockout_penalty': 200.0, 'learning_rate': 3e-05, 'n_steps': 1024, 'n_epochs': 5, 'vf_coef': 0.25, 'ent_coef': 0.0, 'batch_size': 64, 'rl_avg_profit': 242.9874945704524, 'rl_avg_stockouts': 0.0, 'rl_avg_inventory': 104.60855120515171, 'train_time_s': 82.81362533569336}
Testing combo 370: hc=0.5, of=50.0, sp=200.0, lr=3e-05, n_steps=1024, batch_size=64
 Result: {'holding_cost': 0.5, 'order_fixed': 50.0, 'stockout_penalty': 200.0, 'learning_rate': 3e-05, 'n_steps': 1024, 'n_epochs': 5, 'vf_coef': 0.25, 'ent_coef': 0.01, 'batch_size': 64, 'rl_avg_profit': 244.0470214169847, 'rl_avg_stockouts': 0.0, 'rl_avg_inventory': 107.88509394397474, 'train_time_s': 85.99536085128784}
Testing combo 371: hc=0.5, of=50.0, sp=200.0, lr=3e-05, n_steps=1024, batch_size=64
 Result: {'holding_cost': 0.5, 'order_fixed': 50.0, 'stockout_penalty': 200.0, 'learning_rate': 3e-05, 'n_steps': 1024, 'n_epochs': 8, 'vf_coef': 0.25, 'ent_coef': 0.0, 'batch_size': 64, 'rl_avg_profit': 244.96922981658093, 'rl_avg_stockouts': 0.0, 'rl_avg_inventory': 105.57989664574193, 'train_time_s': 107.50324654579163}
Testing combo 372: hc=0.5, of=50.0, sp=200.0, lr=3e-05, n_steps=1024, batch_size=64
 Result: {'holding_cost': 0.5, 'order_fixed': 50.0, 'stockout_penalty': 200.0, 'learning_rate': 3e-05, 'n_steps': 1024, 'n_epochs': 8, 'vf_coef': 0.25, 'ent_coef': 0.01, 'batch_size': 64, 'rl_avg_profit': 247.34807220242618, 'rl_avg_stockouts': 0.0, 'rl_avg_inventory': 100.07453552246093, 'train_time_s': 107.00623393058777}
Testing combo 373: hc=0.5, of=50.0, sp=200.0, lr=0.0001, n_steps=512, batch_size=64
 Result: {'holding_cost': 0.5, 'order_fixed': 50.0, 'stockout_penalty': 200.0, 'learning_rate': 0.0001, 'n_steps': 512, 'n_epochs': 5, 'vf_coef': 0.25, 'ent_coef': 0.0, 'batch_size': 64, 'rl_avg_profit': 256.13789540416616, 'rl_avg_stockouts': 1.0410534535657106, 'rl_avg_inventory': 86.0271427342663, 'train_time_s': 83.6185073852539}
Testing combo 374: hc=0.5, of=50.0, sp=200.0, lr=0.0001, n_steps=512, batch_size=64
 Result: {'holding_cost': 0.5, 'order_fixed': 50.0, 'stockout_penalty': 200.0, 'learning_rate': 0.0001, 'n_steps': 512, 'n_epochs': 5, 'vf_coef': 0.25, 'ent_coef': 0.01, 'batch_size': 64, 'rl_avg_profit': 227.8936188694513, 'rl_avg_stockouts': 0.0, 'rl_avg_inventory': 128.33577731615878, 'train_time_s': 84.25847578048706}
Testing combo 375: hc=0.5, of=50.0, sp=200.0, lr=0.0001, n_steps=512, batch_size=64
 Result: {'holding_cost': 0.5, 'order_fixed': 50.0, 'stockout_penalty': 200.0, 'learning_rate': 0.0001, 'n_steps': 512, 'n_epochs': 8, 'vf_coef': 0.25, 'ent_coef': 0.0, 'batch_size': 64, 'rl_avg_profit': 234.79012775717538, 'rl_avg_stockouts': 0.0, 'rl_avg_inventory': 126.27232939419682, 'train_time_s': 111.67614150047302}
Testing combo 376: hc=0.5, of=50.0, sp=200.0, lr=0.0001, n_steps=512, batch_size=64
 Result: {'holding_cost': 0.5, 'order_fixed': 50.0, 'stockout_penalty': 200.0, 'learning_rate': 0.0001, 'n_steps': 512, 'n_epochs': 8, 'vf_coef': 0.25, 'ent_coef': 0.01, 'batch_size': 64, 'rl_avg_profit': 247.6710303937257, 'rl_avg_stockouts': 0.0, 'rl_avg_inventory': 97.33453944167044, 'train_time_s': 105.81432723999023}
Testing combo 377: hc=0.5, of=50.0, sp=200.0, lr=0.0001, n_steps=2048, batch_size=64
 Result: {'holding_cost': 0.5, 'order_fixed': 50.0, 'stockout_penalty': 200.0, 'learning_rate': 0.0001, 'n_steps': 2048, 'n_epochs': 5, 'vf_coef': 0.25, 'ent_coef': 0.0, 'batch_size': 64, 'rl_avg_profit': 250.45727880021542, 'rl_avg_stockouts': 0.0, 'rl_avg_inventory': 95.52298433486729, 'train_time_s': 85.94077396392822}
Testing combo 378: hc=0.5, of=50.0, sp=200.0, lr=0.0001, n_steps=2048, batch_size=64
 Result: {'holding_cost': 0.5, 'order_fixed': 50.0, 'stockout_penalty': 200.0, 'learning_rate': 0.0001, 'n_steps': 2048, 'n_epochs': 5, 'vf_coef': 0.25, 'ent_coef': 0.01, 'batch_size': 64, 'rl_avg_profit': 267.3662963886853, 'rl_avg_stockouts': 0.0, 'rl_avg_inventory': 65.77877655447347, 'train_time_s': 86.2503650188446}
Testing combo 379: hc=0.5, of=50.0, sp=200.0, lr=0.0001, n_steps=2048, batch_size=64
 Result: {'holding_cost': 0.5, 'order_fixed': 50.0, 'stockout_penalty': 200.0, 'learning_rate': 0.0001, 'n_steps': 2048, 'n_epochs': 8, 'vf_coef': 0.25, 'ent_coef': 0.0, 'batch_size': 64, 'rl_avg_profit': 259.65867895604055, 'rl_avg_stockouts': 0.0, 'rl_avg_inventory': 76.02448161295015, 'train_time_s': 108.88394021987915}
Testing combo 380: hc=0.5, of=50.0, sp=200.0, lr=0.0001, n_steps=2048, batch_size=64
 Result: {'holding_cost': 0.5, 'order_fixed': 50.0, 'stockout_penalty': 200.0, 'learning_rate': 0.0001, 'n_steps': 2048, 'n_epochs': 8, 'vf_coef': 0.25, 'ent_coef': 0.01, 'batch_size': 64, 'rl_avg_profit': 257.00253277834133, 'rl_avg_stockouts': 0.0, 'rl_avg_inventory': 80.99635162562541, 'train_time_s': 109.40078902244568}
Testing combo 381: hc=0.5, of=50.0, sp=200.0, lr=0.0001, n_steps=1024, batch_size=64
 Result: {'holding_cost': 0.5, 'order_fixed': 50.0, 'stockout_penalty': 200.0, 'learning_rate': 0.0001, 'n_steps': 1024, 'n_epochs': 5, 'vf_coef': 0.25, 'ent_coef': 0.0, 'batch_size': 64, 'rl_avg_profit': 254.2740428648288, 'rl_avg_stockouts': 0.4938154073359854, 'rl_avg_inventory': 84.95261547349904, 'train_time_s': 83.97802066802979}
Testing combo 382: hc=0.5, of=50.0, sp=200.0, lr=0.0001, n_steps=1024, batch_size=64
 Result: {'holding_cost': 0.5, 'order_fixed': 50.0, 'stockout_penalty': 200.0, 'learning_rate': 0.0001, 'n_steps': 1024, 'n_epochs': 5, 'vf_coef': 0.25, 'ent_coef': 0.01, 'batch_size': 64, 'rl_avg_profit': 241.4428254717775, 'rl_avg_stockouts': 0.0, 'rl_avg_inventory': 107.17273977410302, 'train_time_s': 83.84000897407532}
Testing combo 383: hc=0.5, of=50.0, sp=200.0, lr=0.0001, n_steps=1024, batch_size=64
 Result: {'holding_cost': 0.5, 'order_fixed': 50.0, 'stockout_penalty': 200.0, 'learning_rate': 0.0001, 'n_steps': 1024, 'n_epochs': 8, 'vf_coef': 0.25, 'ent_coef': 0.0, 'batch_size': 64, 'rl_avg_profit': 252.40342293684884, 'rl_avg_stockouts': 0.0, 'rl_avg_inventory': 90.50399825213705, 'train_time_s': 106.44105005264282}
Testing combo 384: hc=0.5, of=50.0, sp=200.0, lr=0.0001, n_steps=1024, batch_size=64
 Result: {'holding_cost': 0.5, 'order_fixed': 50.0, 'stockout_penalty': 200.0, 'learning_rate': 0.0001, 'n_steps': 1024, 'n_epochs': 8, 'vf_coef': 0.25, 'ent_coef': 0.01, 'batch_size': 64, 'rl_avg_profit': 242.2000220261215, 'rl_avg_stockouts': 0.0, 'rl_avg_inventory': 112.90086541580827, 'train_time_s': 106.50474858283997}
Testing combo 385: hc=1.5, of=5.0, sp=10.0, lr=3e-05, n_steps=512, batch_size=64
 Result: {'holding_cost': 1.5, 'order_fixed': 5.0, 'stockout_penalty': 10.0, 'learning_rate': 3e-05, 'n_steps': 512, 'n_epochs': 5, 'vf_coef': 0.25, 'ent_coef': 0.0, 'batch_size': 64, 'rl_avg_profit': -123.79195586638134, 'rl_avg_stockouts': 18589.96145458569, 'rl_avg_inventory': 0.5945457214494683, 'train_time_s': 84.0307970046997}
Testing combo 386: hc=1.5, of=5.0, sp=10.0, lr=3e-05, n_steps=512, batch_size=64
 Result: {'holding_cost': 1.5, 'order_fixed': 5.0, 'stockout_penalty': 10.0, 'learning_rate': 3e-05, 'n_steps': 512, 'n_epochs': 5, 'vf_coef': 0.25, 'ent_coef': 0.01, 'batch_size': 64, 'rl_avg_profit': -223.4411033920731, 'rl_avg_stockouts': 22645.01909360983, 'rl_avg_inventory': 0.13060120314767915, 'train_time_s': 87.55985283851624}
Testing combo 387: hc=1.5, of=5.0, sp=10.0, lr=3e-05, n_steps=512, batch_size=64
 Result: {'holding_cost': 1.5, 'order_fixed': 5.0, 'stockout_penalty': 10.0, 'learning_rate': 3e-05, 'n_steps': 512, 'n_epochs': 8, 'vf_coef': 0.25, 'ent_coef': 0.0, 'batch_size': 64, 'rl_avg_profit': 114.28218533397913, 'rl_avg_stockouts': 7866.261543511375, 'rl_avg_inventory': 9.462827500113068, 'train_time_s': 109.20095944404602}
Testing combo 388: hc=1.5, of=5.0, sp=10.0, lr=3e-05, n_steps=512, batch_size=64
 Result: {'holding_cost': 1.5, 'order_fixed': 5.0, 'stockout_penalty': 10.0, 'learning_rate': 3e-05, 'n_steps': 512, 'n_epochs': 8, 'vf_coef': 0.25, 'ent_coef': 0.01, 'batch_size': 64, 'rl_avg_profit': -62.72387091001792, 'rl_avg_stockouts': 15865.329583220815, 'rl_avg_inventory': 1.5694216288937486, 'train_time_s': 106.16652369499207}
Testing combo 389: hc=1.5, of=5.0, sp=10.0, lr=3e-05, n_steps=2048, batch_size=64
 Result: {'holding_cost': 1.5, 'order_fixed': 5.0, 'stockout_penalty': 10.0, 'learning_rate': 3e-05, 'n_steps': 2048, 'n_epochs': 5, 'vf_coef': 0.25, 'ent_coef': 0.0, 'batch_size': 64, 'rl_avg_profit': -221.7359173982521, 'rl_avg_stockouts': 22533.099893354425, 'rl_avg_inventory': 0.20049830240746064, 'train_time_s': 86.01038408279419}
Testing combo 390: hc=1.5, of=5.0, sp=10.0, lr=3e-05, n_steps=2048, batch_size=64
 Result: {'holding_cost': 1.5, 'order_fixed': 5.0, 'stockout_penalty': 10.0, 'learning_rate': 3e-05, 'n_steps': 2048, 'n_epochs': 5, 'vf_coef': 0.25, 'ent_coef': 0.01, 'batch_size': 64, 'rl_avg_profit': -45.67133040121202, 'rl_avg_stockouts': 15146.460508333757, 'rl_avg_inventory': 1.5361493530951136, 'train_time_s': 85.78924083709717}
Testing combo 391: hc=1.5, of=5.0, sp=10.0, lr=3e-05, n_steps=2048, batch_size=64
 Result: {'holding_cost': 1.5, 'order_fixed': 5.0, 'stockout_penalty': 10.0, 'learning_rate': 3e-05, 'n_steps': 2048, 'n_epochs': 8, 'vf_coef': 0.25, 'ent_coef': 0.0, 'batch_size': 64, 'rl_avg_profit': -33.12227925312262, 'rl_avg_stockouts': 14444.773412948416, 'rl_avg_inventory': 1.6450198140597503, 'train_time_s': 106.47094297409058}
Testing combo 392: hc=1.5, of=5.0, sp=10.0, lr=3e-05, n_steps=2048, batch_size=64
 Result: {'holding_cost': 1.5, 'order_fixed': 5.0, 'stockout_penalty': 10.0, 'learning_rate': 3e-05, 'n_steps': 2048, 'n_epochs': 8, 'vf_coef': 0.25, 'ent_coef': 0.01, 'batch_size': 64, 'rl_avg_profit': 66.9552998030438, 'rl_avg_stockouts': 10232.359500818122, 'rl_avg_inventory': 4.928329132198266, 'train_time_s': 111.69355177879333}
Testing combo 393: hc=1.5, of=5.0, sp=10.0, lr=3e-05, n_steps=1024, batch_size=64
 Result: {'holding_cost': 1.5, 'order_fixed': 5.0, 'stockout_penalty': 10.0, 'learning_rate': 3e-05, 'n_steps': 1024, 'n_epochs': 5, 'vf_coef': 0.25, 'ent_coef': 0.0, 'batch_size': 64, 'rl_avg_profit': -218.22773122282288, 'rl_avg_stockouts': 22354.813696492616, 'rl_avg_inventory': 0.2667849333523071, 'train_time_s': 83.99702501296997}
Testing combo 394: hc=1.5, of=5.0, sp=10.0, lr=3e-05, n_steps=1024, batch_size=64
 Result: {'holding_cost': 1.5, 'order_fixed': 5.0, 'stockout_penalty': 10.0, 'learning_rate': 3e-05, 'n_steps': 1024, 'n_epochs': 5, 'vf_coef': 0.25, 'ent_coef': 0.01, 'batch_size': 64, 'rl_avg_profit': -225.6601092316551, 'rl_avg_stockouts': 22793.310216521673, 'rl_avg_inventory': 0.21345940302496086, 'train_time_s': 83.42957019805908}
Testing combo 395: hc=1.5, of=5.0, sp=10.0, lr=3e-05, n_steps=1024, batch_size=64
 Result: {'holding_cost': 1.5, 'order_fixed': 5.0, 'stockout_penalty': 10.0, 'learning_rate': 3e-05, 'n_steps': 1024, 'n_epochs': 8, 'vf_coef': 0.25, 'ent_coef': 0.0, 'batch_size': 64, 'rl_avg_profit': -7.165846476998071, 'rl_avg_stockouts': 13421.964847964537, 'rl_avg_inventory': 2.8932712791296207, 'train_time_s': 108.63859438896179}
Testing combo 396: hc=1.5, of=5.0, sp=10.0, lr=3e-05, n_steps=1024, batch_size=64
 Result: {'holding_cost': 1.5, 'order_fixed': 5.0, 'stockout_penalty': 10.0, 'learning_rate': 3e-05, 'n_steps': 1024, 'n_epochs': 8, 'vf_coef': 0.25, 'ent_coef': 0.01, 'batch_size': 64, 'rl_avg_profit': -13.123008818445877, 'rl_avg_stockouts': 13648.141683243937, 'rl_avg_inventory': 2.215509713588614, 'train_time_s': 108.42905783653259}
Testing combo 397: hc=1.5, of=5.0, sp=10.0, lr=0.0001, n_steps=512, batch_size=64
 Result: {'holding_cost': 1.5, 'order_fixed': 5.0, 'stockout_penalty': 10.0, 'learning_rate': 0.0001, 'n_steps': 512, 'n_epochs': 5, 'vf_coef': 0.25, 'ent_coef': 0.0, 'batch_size': 64, 'rl_avg_profit': 239.75944964963088, 'rl_avg_stockouts': 1816.4374573227371, 'rl_avg_inventory': 22.43439283695735, 'train_time_s': 86.93914341926575}
Testing combo 398: hc=1.5, of=5.0, sp=10.0, lr=0.0001, n_steps=512, batch_size=64
 Result: {'holding_cost': 1.5, 'order_fixed': 5.0, 'stockout_penalty': 10.0, 'learning_rate': 0.0001, 'n_steps': 512, 'n_epochs': 5, 'vf_coef': 0.25, 'ent_coef': 0.01, 'batch_size': 64, 'rl_avg_profit': 192.71758170693872, 'rl_avg_stockouts': 4237.471332335341, 'rl_avg_inventory': 15.115959672365236, 'train_time_s': 81.73769807815552}
Testing combo 399: hc=1.5, of=5.0, sp=10.0, lr=0.0001, n_steps=512, batch_size=64
 Result: {'holding_cost': 1.5, 'order_fixed': 5.0, 'stockout_penalty': 10.0, 'learning_rate': 0.0001, 'n_steps': 512, 'n_epochs': 8, 'vf_coef': 0.25, 'ent_coef': 0.0, 'batch_size': 64, 'rl_avg_profit': 236.66800341967428, 'rl_avg_stockouts': 598.3408248244448, 'rl_avg_inventory': 42.45547344736857, 'train_time_s': 109.38614058494568}
Testing combo 400: hc=1.5, of=5.0, sp=10.0, lr=0.0001, n_steps=512, batch_size=64
 Result: {'holding_cost': 1.5, 'order_fixed': 5.0, 'stockout_penalty': 10.0, 'learning_rate': 0.0001, 'n_steps': 512, 'n_epochs': 8, 'vf_coef': 0.25, 'ent_coef': 0.01, 'batch_size': 64, 'rl_avg_profit': 216.02893140509013, 'rl_avg_stockouts': 1165.0006476076844, 'rl_avg_inventory': 45.99223563971585, 'train_time_s': 105.09361147880554}
Testing combo 401: hc=1.5, of=5.0, sp=10.0, lr=0.0001, n_steps=2048, batch_size=64
 Result: {'holding_cost': 1.5, 'order_fixed': 5.0, 'stockout_penalty': 10.0, 'learning_rate': 0.0001, 'n_steps': 2048, 'n_epochs': 5, 'vf_coef': 0.25, 'ent_coef': 0.0, 'batch_size': 64, 'rl_avg_profit': 128.27292485179083, 'rl_avg_stockouts': 6882.642697600432, 'rl_avg_inventory': 14.906083264088588, 'train_time_s': 82.73548078536987}
Testing combo 402: hc=1.5, of=5.0, sp=10.0, lr=0.0001, n_steps=2048, batch_size=64
 Result: {'holding_cost': 1.5, 'order_fixed': 5.0, 'stockout_penalty': 10.0, 'learning_rate': 0.0001, 'n_steps': 2048, 'n_epochs': 5, 'vf_coef': 0.25, 'ent_coef': 0.01, 'batch_size': 64, 'rl_avg_profit': 199.56120218831296, 'rl_avg_stockouts': 3361.3932408032733, 'rl_avg_inventory': 23.383798825316745, 'train_time_s': 82.80282330513}
Testing combo 403: hc=1.5, of=5.0, sp=10.0, lr=0.0001, n_steps=2048, batch_size=64
 Result: {'holding_cost': 1.5, 'order_fixed': 5.0, 'stockout_penalty': 10.0, 'learning_rate': 0.0001, 'n_steps': 2048, 'n_epochs': 8, 'vf_coef': 0.25, 'ent_coef': 0.0, 'batch_size': 64, 'rl_avg_profit': 147.29834116304923, 'rl_avg_stockouts': 5503.989657949745, 'rl_avg_inventory': 24.47573702836281, 'train_time_s': 105.09043025970459}
Testing combo 404: hc=1.5, of=5.0, sp=10.0, lr=0.0001, n_steps=2048, batch_size=64
 Result: {'holding_cost': 1.5, 'order_fixed': 5.0, 'stockout_penalty': 10.0, 'learning_rate': 0.0001, 'n_steps': 2048, 'n_epochs': 8, 'vf_coef': 0.25, 'ent_coef': 0.01, 'batch_size': 64, 'rl_avg_profit': 128.65429347411188, 'rl_avg_stockouts': 5979.606983800611, 'rl_avg_inventory': 28.28121562288232, 'train_time_s': 105.22663426399231}
Testing combo 405: hc=1.5, of=5.0, sp=10.0, lr=0.0001, n_steps=1024, batch_size=64
 Result: {'holding_cost': 1.5, 'order_fixed': 5.0, 'stockout_penalty': 10.0, 'learning_rate': 0.0001, 'n_steps': 1024, 'n_epochs': 5, 'vf_coef': 0.25, 'ent_coef': 0.0, 'batch_size': 64, 'rl_avg_profit': 238.45170837722998, 'rl_avg_stockouts': 1398.2777315322267, 'rl_avg_inventory': 29.086172143641402, 'train_time_s': 80.76039338111877}
Testing combo 406: hc=1.5, of=5.0, sp=10.0, lr=0.0001, n_steps=1024, batch_size=64
 Result: {'holding_cost': 1.5, 'order_fixed': 5.0, 'stockout_penalty': 10.0, 'learning_rate': 0.0001, 'n_steps': 1024, 'n_epochs': 5, 'vf_coef': 0.25, 'ent_coef': 0.01, 'batch_size': 64, 'rl_avg_profit': 174.996387336364, 'rl_avg_stockouts': 4259.6973435331965, 'rl_avg_inventory': 24.691289491837153, 'train_time_s': 81.05286407470703}
Testing combo 407: hc=1.5, of=5.0, sp=10.0, lr=0.0001, n_steps=1024, batch_size=64
 Result: {'holding_cost': 1.5, 'order_fixed': 5.0, 'stockout_penalty': 10.0, 'learning_rate': 0.0001, 'n_steps': 1024, 'n_epochs': 8, 'vf_coef': 0.25, 'ent_coef': 0.0, 'batch_size': 64, 'rl_avg_profit': 238.586973221301, 'rl_avg_stockouts': 342.7891588145902, 'rl_avg_inventory': 43.927686048297026, 'train_time_s': 103.4079942703247}
Testing combo 408: hc=1.5, of=5.0, sp=10.0, lr=0.0001, n_steps=1024, batch_size=64
 Result: {'holding_cost': 1.5, 'order_fixed': 5.0, 'stockout_penalty': 10.0, 'learning_rate': 0.0001, 'n_steps': 1024, 'n_epochs': 8, 'vf_coef': 0.25, 'ent_coef': 0.01, 'batch_size': 64, 'rl_avg_profit': 231.9769691367143, 'rl_avg_stockouts': 515.5320181166942, 'rl_avg_inventory': 44.36790327235444, 'train_time_s': 103.52099347114563}
Testing combo 409: hc=1.5, of=5.0, sp=50.0, lr=3e-05, n_steps=512, batch_size=64
 Result: {'holding_cost': 1.5, 'order_fixed': 5.0, 'stockout_penalty': 50.0, 'learning_rate': 3e-05, 'n_steps': 512, 'n_epochs': 5, 'vf_coef': 0.25, 'ent_coef': 0.0, 'batch_size': 64, 'rl_avg_profit': 215.23618535772752, 'rl_avg_stockouts': 1095.2455833949723, 'rl_avg_inventory': 20.40370175114131, 'train_time_s': 83.81358313560486}
Testing combo 410: hc=1.5, of=5.0, sp=50.0, lr=3e-05, n_steps=512, batch_size=64
 Result: {'holding_cost': 1.5, 'order_fixed': 5.0, 'stockout_penalty': 50.0, 'learning_rate': 3e-05, 'n_steps': 512, 'n_epochs': 5, 'vf_coef': 0.25, 'ent_coef': 0.01, 'batch_size': 64, 'rl_avg_profit': -29.36290999461921, 'rl_avg_stockouts': 4997.1531110735705, 'rl_avg_inventory': 16.189421013203283, 'train_time_s': 82.6415433883667}
Testing combo 411: hc=1.5, of=5.0, sp=50.0, lr=3e-05, n_steps=512, batch_size=64
 Result: {'holding_cost': 1.5, 'order_fixed': 5.0, 'stockout_penalty': 50.0, 'learning_rate': 3e-05, 'n_steps': 512, 'n_epochs': 8, 'vf_coef': 0.25, 'ent_coef': 0.0, 'batch_size': 64, 'rl_avg_profit': 248.3969890523415, 'rl_avg_stockouts': 263.577533699334, 'rl_avg_inventory': 31.786075891044042, 'train_time_s': 103.7697868347168}
Testing combo 412: hc=1.5, of=5.0, sp=50.0, lr=3e-05, n_steps=512, batch_size=64
 Result: {'holding_cost': 1.5, 'order_fixed': 5.0, 'stockout_penalty': 50.0, 'learning_rate': 3e-05, 'n_steps': 512, 'n_epochs': 8, 'vf_coef': 0.25, 'ent_coef': 0.01, 'batch_size': 64, 'rl_avg_profit': 246.9178162625295, 'rl_avg_stockouts': 281.56682339312476, 'rl_avg_inventory': 31.93835604442309, 'train_time_s': 103.82541179656982}
Testing combo 413: hc=1.5, of=5.0, sp=50.0, lr=3e-05, n_steps=2048, batch_size=64
 Result: {'holding_cost': 1.5, 'order_fixed': 5.0, 'stockout_penalty': 50.0, 'learning_rate': 3e-05, 'n_steps': 2048, 'n_epochs': 5, 'vf_coef': 0.25, 'ent_coef': 0.0, 'batch_size': 64, 'rl_avg_profit': 251.1185070118867, 'rl_avg_stockouts': 329.50091592977844, 'rl_avg_inventory': 30.00241050128047, 'train_time_s': 82.75579595565796}
Testing combo 414: hc=1.5, of=5.0, sp=50.0, lr=3e-05, n_steps=2048, batch_size=64
 Result: {'holding_cost': 1.5, 'order_fixed': 5.0, 'stockout_penalty': 50.0, 'learning_rate': 3e-05, 'n_steps': 2048, 'n_epochs': 5, 'vf_coef': 0.25, 'ent_coef': 0.01, 'batch_size': 64, 'rl_avg_profit': 258.4470268281188, 'rl_avg_stockouts': 284.5056240165961, 'rl_avg_inventory': 26.34513067609643, 'train_time_s': 86.27537298202515}
Testing combo 415: hc=1.5, of=5.0, sp=50.0, lr=3e-05, n_steps=2048, batch_size=64
 Result: {'holding_cost': 1.5, 'order_fixed': 5.0, 'stockout_penalty': 50.0, 'learning_rate': 3e-05, 'n_steps': 2048, 'n_epochs': 8, 'vf_coef': 0.25, 'ent_coef': 0.0, 'batch_size': 64, 'rl_avg_profit': 239.9660229519547, 'rl_avg_stockouts': 444.60444862498537, 'rl_avg_inventory': 31.03233603472579, 'train_time_s': 112.0603404045105}
Testing combo 416: hc=1.5, of=5.0, sp=50.0, lr=3e-05, n_steps=2048, batch_size=64
 Result: {'holding_cost': 1.5, 'order_fixed': 5.0, 'stockout_penalty': 50.0, 'learning_rate': 3e-05, 'n_steps': 2048, 'n_epochs': 8, 'vf_coef': 0.25, 'ent_coef': 0.01, 'batch_size': 64, 'rl_avg_profit': 242.8128803927656, 'rl_avg_stockouts': 232.78470402175853, 'rl_avg_inventory': 35.63478277340327, 'train_time_s': 112.50874972343445}
Testing combo 417: hc=1.5, of=5.0, sp=50.0, lr=3e-05, n_steps=1024, batch_size=64
 Result: {'holding_cost': 1.5, 'order_fixed': 5.0, 'stockout_penalty': 50.0, 'learning_rate': 3e-05, 'n_steps': 1024, 'n_epochs': 5, 'vf_coef': 0.25, 'ent_coef': 0.0, 'batch_size': 64, 'rl_avg_profit': 250.31326110280884, 'rl_avg_stockouts': 446.1229273767096, 'rl_avg_inventory': 22.866940553728234, 'train_time_s': 85.89706707000732}
Testing combo 418: hc=1.5, of=5.0, sp=50.0, lr=3e-05, n_steps=1024, batch_size=64
 Result: {'holding_cost': 1.5, 'order_fixed': 5.0, 'stockout_penalty': 50.0, 'learning_rate': 3e-05, 'n_steps': 1024, 'n_epochs': 5, 'vf_coef': 0.25, 'ent_coef': 0.01, 'batch_size': 64, 'rl_avg_profit': 213.89634713613185, 'rl_avg_stockouts': 1096.3982600589736, 'rl_avg_inventory': 21.25348926603233, 'train_time_s': 83.60216975212097}
Testing combo 419: hc=1.5, of=5.0, sp=50.0, lr=3e-05, n_steps=1024, batch_size=64
 Result: {'holding_cost': 1.5, 'order_fixed': 5.0, 'stockout_penalty': 50.0, 'learning_rate': 3e-05, 'n_steps': 1024, 'n_epochs': 8, 'vf_coef': 0.25, 'ent_coef': 0.0, 'batch_size': 64, 'rl_avg_profit': 250.05135433969036, 'rl_avg_stockouts': 248.56529994196325, 'rl_avg_inventory': 32.18195405058665, 'train_time_s': 106.24083924293518}
Testing combo 420: hc=1.5, of=5.0, sp=50.0, lr=3e-05, n_steps=1024, batch_size=64
 Result: {'holding_cost': 1.5, 'order_fixed': 5.0, 'stockout_penalty': 50.0, 'learning_rate': 3e-05, 'n_steps': 1024, 'n_epochs': 8, 'vf_coef': 0.25, 'ent_coef': 0.01, 'batch_size': 64, 'rl_avg_profit': 246.99645581203904, 'rl_avg_stockouts': 250.89767803701056, 'rl_avg_inventory': 33.98195062177639, 'train_time_s': 105.4966652393341}
Testing combo 421: hc=1.5, of=5.0, sp=50.0, lr=0.0001, n_steps=512, batch_size=64
 Result: {'holding_cost': 1.5, 'order_fixed': 5.0, 'stockout_penalty': 50.0, 'learning_rate': 0.0001, 'n_steps': 512, 'n_epochs': 5, 'vf_coef': 0.25, 'ent_coef': 0.0, 'batch_size': 64, 'rl_avg_profit': 239.65958816701396, 'rl_avg_stockouts': 189.96180302748286, 'rl_avg_inventory': 42.39345794462178, 'train_time_s': 83.03541445732117}
Testing combo 422: hc=1.5, of=5.0, sp=50.0, lr=0.0001, n_steps=512, batch_size=64
 Result: {'holding_cost': 1.5, 'order_fixed': 5.0, 'stockout_penalty': 50.0, 'learning_rate': 0.0001, 'n_steps': 512, 'n_epochs': 5, 'vf_coef': 0.25, 'ent_coef': 0.01, 'batch_size': 64, 'rl_avg_profit': 234.3447113800399, 'rl_avg_stockouts': 258.05347838652847, 'rl_avg_inventory': 42.91886724080125, 'train_time_s': 83.73753261566162}
Testing combo 423: hc=1.5, of=5.0, sp=50.0, lr=0.0001, n_steps=512, batch_size=64
 Result: {'holding_cost': 1.5, 'order_fixed': 5.0, 'stockout_penalty': 50.0, 'learning_rate': 0.0001, 'n_steps': 512, 'n_epochs': 8, 'vf_coef': 0.25, 'ent_coef': 0.0, 'batch_size': 64, 'rl_avg_profit': 196.6122659759463, 'rl_avg_stockouts': 171.14647225984876, 'rl_avg_inventory': 66.27275125294514, 'train_time_s': 105.3833556175232}
Testing combo 424: hc=1.5, of=5.0, sp=50.0, lr=0.0001, n_steps=512, batch_size=64
 Result: {'holding_cost': 1.5, 'order_fixed': 5.0, 'stockout_penalty': 50.0, 'learning_rate': 0.0001, 'n_steps': 512, 'n_epochs': 8, 'vf_coef': 0.25, 'ent_coef': 0.01, 'batch_size': 64, 'rl_avg_profit': 192.93736355661738, 'rl_avg_stockouts': 226.83870552671397, 'rl_avg_inventory': 68.78551018427495, 'train_time_s': 106.17509579658508}
Testing combo 425: hc=1.5, of=5.0, sp=50.0, lr=0.0001, n_steps=2048, batch_size=64
 Result: {'holding_cost': 1.5, 'order_fixed': 5.0, 'stockout_penalty': 50.0, 'learning_rate': 0.0001, 'n_steps': 2048, 'n_epochs': 5, 'vf_coef': 0.25, 'ent_coef': 0.0, 'batch_size': 64, 'rl_avg_profit': 216.2489079359904, 'rl_avg_stockouts': 239.4163798700775, 'rl_avg_inventory': 52.55839055845182, 'train_time_s': 85.52993583679199}
Testing combo 426: hc=1.5, of=5.0, sp=50.0, lr=0.0001, n_steps=2048, batch_size=64
 Result: {'holding_cost': 1.5, 'order_fixed': 5.0, 'stockout_penalty': 50.0, 'learning_rate': 0.0001, 'n_steps': 2048, 'n_epochs': 5, 'vf_coef': 0.25, 'ent_coef': 0.01, 'batch_size': 64, 'rl_avg_profit': 216.16364122509395, 'rl_avg_stockouts': 241.28868291041454, 'rl_avg_inventory': 53.026884721076655, 'train_time_s': 83.7905170917511}
Testing combo 427: hc=1.5, of=5.0, sp=50.0, lr=0.0001, n_steps=2048, batch_size=64
 Result: {'holding_cost': 1.5, 'order_fixed': 5.0, 'stockout_penalty': 50.0, 'learning_rate': 0.0001, 'n_steps': 2048, 'n_epochs': 8, 'vf_coef': 0.25, 'ent_coef': 0.0, 'batch_size': 64, 'rl_avg_profit': 218.97653750149794, 'rl_avg_stockouts': 105.94583536661052, 'rl_avg_inventory': 56.6001241872082, 'train_time_s': 114.34104442596436}
Testing combo 428: hc=1.5, of=5.0, sp=50.0, lr=0.0001, n_steps=2048, batch_size=64
 Result: {'holding_cost': 1.5, 'order_fixed': 5.0, 'stockout_penalty': 50.0, 'learning_rate': 0.0001, 'n_steps': 2048, 'n_epochs': 8, 'vf_coef': 0.25, 'ent_coef': 0.01, 'batch_size': 64, 'rl_avg_profit': 215.6082366319353, 'rl_avg_stockouts': 107.92191665020391, 'rl_avg_inventory': 58.76766516868382, 'train_time_s': 112.86259508132935}
Testing combo 429: hc=1.5, of=5.0, sp=50.0, lr=0.0001, n_steps=1024, batch_size=64
 Result: {'holding_cost': 1.5, 'order_fixed': 5.0, 'stockout_penalty': 50.0, 'learning_rate': 0.0001, 'n_steps': 1024, 'n_epochs': 5, 'vf_coef': 0.25, 'ent_coef': 0.0, 'batch_size': 64, 'rl_avg_profit': 225.50654656992202, 'rl_avg_stockouts': 154.22985726154386, 'rl_avg_inventory': 50.466328614509266, 'train_time_s': 86.54591298103333}
Testing combo 430: hc=1.5, of=5.0, sp=50.0, lr=0.0001, n_steps=1024, batch_size=64
 Result: {'holding_cost': 1.5, 'order_fixed': 5.0, 'stockout_penalty': 50.0, 'learning_rate': 0.0001, 'n_steps': 1024, 'n_epochs': 5, 'vf_coef': 0.25, 'ent_coef': 0.01, 'batch_size': 64, 'rl_avg_profit': 227.4237686082537, 'rl_avg_stockouts': 234.08884372907522, 'rl_avg_inventory': 46.50481208716353, 'train_time_s': 87.0796229839325}
Testing combo 431: hc=1.5, of=5.0, sp=50.0, lr=0.0001, n_steps=1024, batch_size=64
 Result: {'holding_cost': 1.5, 'order_fixed': 5.0, 'stockout_penalty': 50.0, 'learning_rate': 0.0001, 'n_steps': 1024, 'n_epochs': 8, 'vf_coef': 0.25, 'ent_coef': 0.0, 'batch_size': 64, 'rl_avg_profit': 229.4145060681563, 'rl_avg_stockouts': 172.76169231089165, 'rl_avg_inventory': 50.17338140330902, 'train_time_s': 111.09148406982422}
Testing combo 432: hc=1.5, of=5.0, sp=50.0, lr=0.0001, n_steps=1024, batch_size=64
 Result: {'holding_cost': 1.5, 'order_fixed': 5.0, 'stockout_penalty': 50.0, 'learning_rate': 0.0001, 'n_steps': 1024, 'n_epochs': 8, 'vf_coef': 0.25, 'ent_coef': 0.01, 'batch_size': 64, 'rl_avg_profit': 219.55539514114395, 'rl_avg_stockouts': 204.69812155429773, 'rl_avg_inventory': 51.78698411327518, 'train_time_s': 109.47035360336304}
Testing combo 433: hc=1.5, of=5.0, sp=100.0, lr=3e-05, n_steps=512, batch_size=64
 Result: {'holding_cost': 1.5, 'order_fixed': 5.0, 'stockout_penalty': 100.0, 'learning_rate': 3e-05, 'n_steps': 512, 'n_epochs': 5, 'vf_coef': 0.25, 'ent_coef': 0.0, 'batch_size': 64, 'rl_avg_profit': 247.2530263542078, 'rl_avg_stockouts': 134.7720121246134, 'rl_avg_inventory': 34.341748106381665, 'train_time_s': 86.09620904922485}
Testing combo 434: hc=1.5, of=5.0, sp=100.0, lr=3e-05, n_steps=512, batch_size=64
 Result: {'holding_cost': 1.5, 'order_fixed': 5.0, 'stockout_penalty': 100.0, 'learning_rate': 3e-05, 'n_steps': 512, 'n_epochs': 5, 'vf_coef': 0.25, 'ent_coef': 0.01, 'batch_size': 64, 'rl_avg_profit': 247.36015448307904, 'rl_avg_stockouts': 87.27341360739632, 'rl_avg_inventory': 37.407735724841075, 'train_time_s': 86.96867609024048}
Testing combo 435: hc=1.5, of=5.0, sp=100.0, lr=3e-05, n_steps=512, batch_size=64
 Result: {'holding_cost': 1.5, 'order_fixed': 5.0, 'stockout_penalty': 100.0, 'learning_rate': 3e-05, 'n_steps': 512, 'n_epochs': 8, 'vf_coef': 0.25, 'ent_coef': 0.0, 'batch_size': 64, 'rl_avg_profit': 242.9662805805511, 'rl_avg_stockouts': 167.6328099335707, 'rl_avg_inventory': 35.71881464241302, 'train_time_s': 112.67886400222778}
Testing combo 436: hc=1.5, of=5.0, sp=100.0, lr=3e-05, n_steps=512, batch_size=64
 Result: {'holding_cost': 1.5, 'order_fixed': 5.0, 'stockout_penalty': 100.0, 'learning_rate': 3e-05, 'n_steps': 512, 'n_epochs': 8, 'vf_coef': 0.25, 'ent_coef': 0.01, 'batch_size': 64, 'rl_avg_profit': 243.15560865542247, 'rl_avg_stockouts': 94.96704675646522, 'rl_avg_inventory': 39.01833287467694, 'train_time_s': 111.9606602191925}
Testing combo 437: hc=1.5, of=5.0, sp=100.0, lr=3e-05, n_steps=2048, batch_size=64
 Result: {'holding_cost': 1.5, 'order_fixed': 5.0, 'stockout_penalty': 100.0, 'learning_rate': 3e-05, 'n_steps': 2048, 'n_epochs': 5, 'vf_coef': 0.25, 'ent_coef': 0.0, 'batch_size': 64, 'rl_avg_profit': 255.86683710730367, 'rl_avg_stockouts': 120.89053845593227, 'rl_avg_inventory': 30.127697587372506, 'train_time_s': 90.6480758190155}
Testing combo 438: hc=1.5, of=5.0, sp=100.0, lr=3e-05, n_steps=2048, batch_size=64
 Result: {'holding_cost': 1.5, 'order_fixed': 5.0, 'stockout_penalty': 100.0, 'learning_rate': 3e-05, 'n_steps': 2048, 'n_epochs': 5, 'vf_coef': 0.25, 'ent_coef': 0.01, 'batch_size': 64, 'rl_avg_profit': 245.2451620768251, 'rl_avg_stockouts': 70.92376867398738, 'rl_avg_inventory': 40.46615291908996, 'train_time_s': 88.89371967315674}
Testing combo 439: hc=1.5, of=5.0, sp=100.0, lr=3e-05, n_steps=2048, batch_size=64
 Result: {'holding_cost': 1.5, 'order_fixed': 5.0, 'stockout_penalty': 100.0, 'learning_rate': 3e-05, 'n_steps': 2048, 'n_epochs': 8, 'vf_coef': 0.25, 'ent_coef': 0.0, 'batch_size': 64, 'rl_avg_profit': 242.7706722536645, 'rl_avg_stockouts': 154.55595859638964, 'rl_avg_inventory': 36.44845835600814, 'train_time_s': 112.10742449760437}
Testing combo 440: hc=1.5, of=5.0, sp=100.0, lr=3e-05, n_steps=2048, batch_size=64
 Result: {'holding_cost': 1.5, 'order_fixed': 5.0, 'stockout_penalty': 100.0, 'learning_rate': 3e-05, 'n_steps': 2048, 'n_epochs': 8, 'vf_coef': 0.25, 'ent_coef': 0.01, 'batch_size': 64, 'rl_avg_profit': 243.073271959783, 'rl_avg_stockouts': 140.01374935756587, 'rl_avg_inventory': 37.91503520681434, 'train_time_s': 111.79740858078003}
Testing combo 441: hc=1.5, of=5.0, sp=100.0, lr=3e-05, n_steps=1024, batch_size=64
 Result: {'holding_cost': 1.5, 'order_fixed': 5.0, 'stockout_penalty': 100.0, 'learning_rate': 3e-05, 'n_steps': 1024, 'n_epochs': 5, 'vf_coef': 0.25, 'ent_coef': 0.0, 'batch_size': 64, 'rl_avg_profit': 237.18292407610517, 'rl_avg_stockouts': 304.03284503368775, 'rl_avg_inventory': 27.626922599877396, 'train_time_s': 87.53082990646362}
Testing combo 442: hc=1.5, of=5.0, sp=100.0, lr=3e-05, n_steps=1024, batch_size=64
 Result: {'holding_cost': 1.5, 'order_fixed': 5.0, 'stockout_penalty': 100.0, 'learning_rate': 3e-05, 'n_steps': 1024, 'n_epochs': 5, 'vf_coef': 0.25, 'ent_coef': 0.01, 'batch_size': 64, 'rl_avg_profit': 247.29253761087162, 'rl_avg_stockouts': 105.56841684229555, 'rl_avg_inventory': 35.03687237092893, 'train_time_s': 86.92509293556213}
Testing combo 443: hc=1.5, of=5.0, sp=100.0, lr=3e-05, n_steps=1024, batch_size=64
 Result: {'holding_cost': 1.5, 'order_fixed': 5.0, 'stockout_penalty': 100.0, 'learning_rate': 3e-05, 'n_steps': 1024, 'n_epochs': 8, 'vf_coef': 0.25, 'ent_coef': 0.0, 'batch_size': 64, 'rl_avg_profit': 234.0426995302916, 'rl_avg_stockouts': 113.28274433221475, 'rl_avg_inventory': 41.4352873495017, 'train_time_s': 106.70702958106995}
Testing combo 444: hc=1.5, of=5.0, sp=100.0, lr=3e-05, n_steps=1024, batch_size=64
 Result: {'holding_cost': 1.5, 'order_fixed': 5.0, 'stockout_penalty': 100.0, 'learning_rate': 3e-05, 'n_steps': 1024, 'n_epochs': 8, 'vf_coef': 0.25, 'ent_coef': 0.01, 'batch_size': 64, 'rl_avg_profit': 234.5283601804198, 'rl_avg_stockouts': 187.02797555948663, 'rl_avg_inventory': 38.31019259687972, 'train_time_s': 110.43996977806091}
Testing combo 445: hc=1.5, of=5.0, sp=100.0, lr=0.0001, n_steps=512, batch_size=64
 Result: {'holding_cost': 1.5, 'order_fixed': 5.0, 'stockout_penalty': 100.0, 'learning_rate': 0.0001, 'n_steps': 512, 'n_epochs': 5, 'vf_coef': 0.25, 'ent_coef': 0.0, 'batch_size': 64, 'rl_avg_profit': 221.28398160236557, 'rl_avg_stockouts': 58.6259557934247, 'rl_avg_inventory': 56.28722661005308, 'train_time_s': 86.87687969207764}
Testing combo 446: hc=1.5, of=5.0, sp=100.0, lr=0.0001, n_steps=512, batch_size=64
 Result: {'holding_cost': 1.5, 'order_fixed': 5.0, 'stockout_penalty': 100.0, 'learning_rate': 0.0001, 'n_steps': 512, 'n_epochs': 5, 'vf_coef': 0.25, 'ent_coef': 0.01, 'batch_size': 64, 'rl_avg_profit': 225.0445486440627, 'rl_avg_stockouts': 68.3735247515471, 'rl_avg_inventory': 54.143295972641205, 'train_time_s': 86.86166453361511}
Testing combo 447: hc=1.5, of=5.0, sp=100.0, lr=0.0001, n_steps=512, batch_size=64
 Result: {'holding_cost': 1.5, 'order_fixed': 5.0, 'stockout_penalty': 100.0, 'learning_rate': 0.0001, 'n_steps': 512, 'n_epochs': 8, 'vf_coef': 0.25, 'ent_coef': 0.0, 'batch_size': 64, 'rl_avg_profit': 211.10475564183335, 'rl_avg_stockouts': 88.62253588401549, 'rl_avg_inventory': 58.13506039854599, 'train_time_s': 110.57184624671936}
Testing combo 448: hc=1.5, of=5.0, sp=100.0, lr=0.0001, n_steps=512, batch_size=64
 Result: {'holding_cost': 1.5, 'order_fixed': 5.0, 'stockout_penalty': 100.0, 'learning_rate': 0.0001, 'n_steps': 512, 'n_epochs': 8, 'vf_coef': 0.25, 'ent_coef': 0.01, 'batch_size': 64, 'rl_avg_profit': 196.8391838642771, 'rl_avg_stockouts': 127.93780035177704, 'rl_avg_inventory': 64.76222908647094, 'train_time_s': 109.58153867721558}
Testing combo 449: hc=1.5, of=5.0, sp=100.0, lr=0.0001, n_steps=2048, batch_size=64
 Result: {'holding_cost': 1.5, 'order_fixed': 5.0, 'stockout_penalty': 100.0, 'learning_rate': 0.0001, 'n_steps': 2048, 'n_epochs': 5, 'vf_coef': 0.25, 'ent_coef': 0.0, 'batch_size': 64, 'rl_avg_profit': 224.3566851226154, 'rl_avg_stockouts': 57.88105732209368, 'rl_avg_inventory': 52.195371915738875, 'train_time_s': 88.38922309875488}
Testing combo 450: hc=1.5, of=5.0, sp=100.0, lr=0.0001, n_steps=2048, batch_size=64
 Result: {'holding_cost': 1.5, 'order_fixed': 5.0, 'stockout_penalty': 100.0, 'learning_rate': 0.0001, 'n_steps': 2048, 'n_epochs': 5, 'vf_coef': 0.25, 'ent_coef': 0.01, 'batch_size': 64, 'rl_avg_profit': 198.70569008069978, 'rl_avg_stockouts': 209.34762391120393, 'rl_avg_inventory': 57.787621635280246, 'train_time_s': 87.81899118423462}
Testing combo 451: hc=1.5, of=5.0, sp=100.0, lr=0.0001, n_steps=2048, batch_size=64
 Result: {'holding_cost': 1.5, 'order_fixed': 5.0, 'stockout_penalty': 100.0, 'learning_rate': 0.0001, 'n_steps': 2048, 'n_epochs': 8, 'vf_coef': 0.25, 'ent_coef': 0.0, 'batch_size': 64, 'rl_avg_profit': 213.31715270117184, 'rl_avg_stockouts': 54.548433314471936, 'rl_avg_inventory': 60.45981544246413, 'train_time_s': 111.66772794723511}
Testing combo 452: hc=1.5, of=5.0, sp=100.0, lr=0.0001, n_steps=2048, batch_size=64
 Result: {'holding_cost': 1.5, 'order_fixed': 5.0, 'stockout_penalty': 100.0, 'learning_rate': 0.0001, 'n_steps': 2048, 'n_epochs': 8, 'vf_coef': 0.25, 'ent_coef': 0.01, 'batch_size': 64, 'rl_avg_profit': 209.81465135716408, 'rl_avg_stockouts': 26.65949987277504, 'rl_avg_inventory': 64.93713312802248, 'train_time_s': 111.87286949157715}
Testing combo 453: hc=1.5, of=5.0, sp=100.0, lr=0.0001, n_steps=1024, batch_size=64
 Result: {'holding_cost': 1.5, 'order_fixed': 5.0, 'stockout_penalty': 100.0, 'learning_rate': 0.0001, 'n_steps': 1024, 'n_epochs': 5, 'vf_coef': 0.25, 'ent_coef': 0.0, 'batch_size': 64, 'rl_avg_profit': 219.2650330399706, 'rl_avg_stockouts': 113.24320737879961, 'rl_avg_inventory': 53.089244596925504, 'train_time_s': 87.73085117340088}
Testing combo 454: hc=1.5, of=5.0, sp=100.0, lr=0.0001, n_steps=1024, batch_size=64
 Result: {'holding_cost': 1.5, 'order_fixed': 5.0, 'stockout_penalty': 100.0, 'learning_rate': 0.0001, 'n_steps': 1024, 'n_epochs': 5, 'vf_coef': 0.25, 'ent_coef': 0.01, 'batch_size': 64, 'rl_avg_profit': 207.45982560971538, 'rl_avg_stockouts': 153.319520462848, 'rl_avg_inventory': 55.5261114548657, 'train_time_s': 88.81044626235962}
Testing combo 455: hc=1.5, of=5.0, sp=100.0, lr=0.0001, n_steps=1024, batch_size=64
 Result: {'holding_cost': 1.5, 'order_fixed': 5.0, 'stockout_penalty': 100.0, 'learning_rate': 0.0001, 'n_steps': 1024, 'n_epochs': 8, 'vf_coef': 0.25, 'ent_coef': 0.0, 'batch_size': 64, 'rl_avg_profit': 203.19629498909785, 'rl_avg_stockouts': 125.12759058750878, 'rl_avg_inventory': 61.17955364629014, 'train_time_s': 111.49093437194824}
Testing combo 456: hc=1.5, of=5.0, sp=100.0, lr=0.0001, n_steps=1024, batch_size=64
 Result: {'holding_cost': 1.5, 'order_fixed': 5.0, 'stockout_penalty': 100.0, 'learning_rate': 0.0001, 'n_steps': 1024, 'n_epochs': 8, 'vf_coef': 0.25, 'ent_coef': 0.01, 'batch_size': 64, 'rl_avg_profit': 193.80916807610436, 'rl_avg_stockouts': 16.699671219001115, 'rl_avg_inventory': 73.65611101646945, 'train_time_s': 106.96366763114929}
Testing combo 457: hc=1.5, of=5.0, sp=200.0, lr=3e-05, n_steps=512, batch_size=64
 Result: {'holding_cost': 1.5, 'order_fixed': 5.0, 'stockout_penalty': 200.0, 'learning_rate': 3e-05, 'n_steps': 512, 'n_epochs': 5, 'vf_coef': 0.25, 'ent_coef': 0.0, 'batch_size': 64, 'rl_avg_profit': 230.22425315411542, 'rl_avg_stockouts': 28.072136688339686, 'rl_avg_inventory': 49.97704819267743, 'train_time_s': 85.45012402534485}
Testing combo 458: hc=1.5, of=5.0, sp=200.0, lr=3e-05, n_steps=512, batch_size=64
 Result: {'holding_cost': 1.5, 'order_fixed': 5.0, 'stockout_penalty': 200.0, 'learning_rate': 3e-05, 'n_steps': 512, 'n_epochs': 5, 'vf_coef': 0.25, 'ent_coef': 0.01, 'batch_size': 64, 'rl_avg_profit': 203.3335258964657, 'rl_avg_stockouts': 285.09356004236133, 'rl_avg_inventory': 32.65737874652833, 'train_time_s': 80.71424603462219}
Testing combo 459: hc=1.5, of=5.0, sp=200.0, lr=3e-05, n_steps=512, batch_size=64
 Result: {'holding_cost': 1.5, 'order_fixed': 5.0, 'stockout_penalty': 200.0, 'learning_rate': 3e-05, 'n_steps': 512, 'n_epochs': 8, 'vf_coef': 0.25, 'ent_coef': 0.0, 'batch_size': 64, 'rl_avg_profit': 216.0517566761727, 'rl_avg_stockouts': 31.80163229020897, 'rl_avg_inventory': 56.99120481151424, 'train_time_s': 103.51907563209534}
Testing combo 460: hc=1.5, of=5.0, sp=200.0, lr=3e-05, n_steps=512, batch_size=64
 Result: {'holding_cost': 1.5, 'order_fixed': 5.0, 'stockout_penalty': 200.0, 'learning_rate': 3e-05, 'n_steps': 512, 'n_epochs': 8, 'vf_coef': 0.25, 'ent_coef': 0.01, 'batch_size': 64, 'rl_avg_profit': 231.18654671287786, 'rl_avg_stockouts': 23.067505218628526, 'rl_avg_inventory': 50.22328139474946, 'train_time_s': 103.61065983772278}
Testing combo 461: hc=1.5, of=5.0, sp=200.0, lr=3e-05, n_steps=2048, batch_size=64
 Result: {'holding_cost': 1.5, 'order_fixed': 5.0, 'stockout_penalty': 200.0, 'learning_rate': 3e-05, 'n_steps': 2048, 'n_epochs': 5, 'vf_coef': 0.25, 'ent_coef': 0.0, 'batch_size': 64, 'rl_avg_profit': 236.26506940024393, 'rl_avg_stockouts': 23.13762727088281, 'rl_avg_inventory': 47.35499107674376, 'train_time_s': 83.06426692008972}
Testing combo 462: hc=1.5, of=5.0, sp=200.0, lr=3e-05, n_steps=2048, batch_size=64
 Result: {'holding_cost': 1.5, 'order_fixed': 5.0, 'stockout_penalty': 200.0, 'learning_rate': 3e-05, 'n_steps': 2048, 'n_epochs': 5, 'vf_coef': 0.25, 'ent_coef': 0.01, 'batch_size': 64, 'rl_avg_profit': 226.6385865767025, 'rl_avg_stockouts': 33.774047239248226, 'rl_avg_inventory': 51.429404749282426, 'train_time_s': 92.5524652004242}
Testing combo 463: hc=1.5, of=5.0, sp=200.0, lr=3e-05, n_steps=2048, batch_size=64
 Result: {'holding_cost': 1.5, 'order_fixed': 5.0, 'stockout_penalty': 200.0, 'learning_rate': 3e-05, 'n_steps': 2048, 'n_epochs': 8, 'vf_coef': 0.25, 'ent_coef': 0.0, 'batch_size': 64, 'rl_avg_profit': 225.5626950298948, 'rl_avg_stockouts': 45.10952256201777, 'rl_avg_inventory': 51.25579217440462, 'train_time_s': 108.16867470741272}
Testing combo 464: hc=1.5, of=5.0, sp=200.0, lr=3e-05, n_steps=2048, batch_size=64
 Result: {'holding_cost': 1.5, 'order_fixed': 5.0, 'stockout_penalty': 200.0, 'learning_rate': 3e-05, 'n_steps': 2048, 'n_epochs': 8, 'vf_coef': 0.25, 'ent_coef': 0.01, 'batch_size': 64, 'rl_avg_profit': 208.38084698579314, 'rl_avg_stockouts': 31.12712984453487, 'rl_avg_inventory': 62.792187045371705, 'train_time_s': 110.89216876029968}
Testing combo 465: hc=1.5, of=5.0, sp=200.0, lr=3e-05, n_steps=1024, batch_size=64
 Result: {'holding_cost': 1.5, 'order_fixed': 5.0, 'stockout_penalty': 200.0, 'learning_rate': 3e-05, 'n_steps': 1024, 'n_epochs': 5, 'vf_coef': 0.25, 'ent_coef': 0.0, 'batch_size': 64, 'rl_avg_profit': 225.83115918139524, 'rl_avg_stockouts': 11.01051616251593, 'rl_avg_inventory': 56.400569520453885, 'train_time_s': 85.67620325088501}
Testing combo 466: hc=1.5, of=5.0, sp=200.0, lr=3e-05, n_steps=1024, batch_size=64
 Result: {'holding_cost': 1.5, 'order_fixed': 5.0, 'stockout_penalty': 200.0, 'learning_rate': 3e-05, 'n_steps': 1024, 'n_epochs': 5, 'vf_coef': 0.25, 'ent_coef': 0.01, 'batch_size': 64, 'rl_avg_profit': 227.3337780358882, 'rl_avg_stockouts': 1.2101877221994186, 'rl_avg_inventory': 54.99643934694054, 'train_time_s': 87.72914123535156}
Testing combo 467: hc=1.5, of=5.0, sp=200.0, lr=3e-05, n_steps=1024, batch_size=64
 Result: {'holding_cost': 1.5, 'order_fixed': 5.0, 'stockout_penalty': 200.0, 'learning_rate': 3e-05, 'n_steps': 1024, 'n_epochs': 8, 'vf_coef': 0.25, 'ent_coef': 0.0, 'batch_size': 64, 'rl_avg_profit': 206.34785049306475, 'rl_avg_stockouts': 53.60014798281328, 'rl_avg_inventory': 61.41335953007005, 'train_time_s': 111.65585970878601}
Testing combo 468: hc=1.5, of=5.0, sp=200.0, lr=3e-05, n_steps=1024, batch_size=64
 Result: {'holding_cost': 1.5, 'order_fixed': 5.0, 'stockout_penalty': 200.0, 'learning_rate': 3e-05, 'n_steps': 1024, 'n_epochs': 8, 'vf_coef': 0.25, 'ent_coef': 0.01, 'batch_size': 64, 'rl_avg_profit': 210.49325630078843, 'rl_avg_stockouts': 16.142127503350757, 'rl_avg_inventory': 63.48825935990842, 'train_time_s': 108.23003840446472}
Testing combo 469: hc=1.5, of=5.0, sp=200.0, lr=0.0001, n_steps=512, batch_size=64
 Result: {'holding_cost': 1.5, 'order_fixed': 5.0, 'stockout_penalty': 200.0, 'learning_rate': 0.0001, 'n_steps': 512, 'n_epochs': 5, 'vf_coef': 0.25, 'ent_coef': 0.0, 'batch_size': 64, 'rl_avg_profit': 204.1986501429079, 'rl_avg_stockouts': 33.41616773530539, 'rl_avg_inventory': 66.48792668120502, 'train_time_s': 87.28889632225037}
Testing combo 470: hc=1.5, of=5.0, sp=200.0, lr=0.0001, n_steps=512, batch_size=64
 Result: {'holding_cost': 1.5, 'order_fixed': 5.0, 'stockout_penalty': 200.0, 'learning_rate': 0.0001, 'n_steps': 512, 'n_epochs': 5, 'vf_coef': 0.25, 'ent_coef': 0.01, 'batch_size': 64, 'rl_avg_profit': 192.34329668720653, 'rl_avg_stockouts': 62.37444802363454, 'rl_avg_inventory': 67.67014172122903, 'train_time_s': 86.14112830162048}
Testing combo 471: hc=1.5, of=5.0, sp=200.0, lr=0.0001, n_steps=512, batch_size=64
 Result: {'holding_cost': 1.5, 'order_fixed': 5.0, 'stockout_penalty': 200.0, 'learning_rate': 0.0001, 'n_steps': 512, 'n_epochs': 8, 'vf_coef': 0.25, 'ent_coef': 0.0, 'batch_size': 64, 'rl_avg_profit': 185.29849482252828, 'rl_avg_stockouts': 16.57151457774912, 'rl_avg_inventory': 78.52625771770738, 'train_time_s': 110.77574586868286}
Testing combo 472: hc=1.5, of=5.0, sp=200.0, lr=0.0001, n_steps=512, batch_size=64
 Result: {'holding_cost': 1.5, 'order_fixed': 5.0, 'stockout_penalty': 200.0, 'learning_rate': 0.0001, 'n_steps': 512, 'n_epochs': 8, 'vf_coef': 0.25, 'ent_coef': 0.01, 'batch_size': 64, 'rl_avg_profit': 201.86848824743856, 'rl_avg_stockouts': 34.11997889279146, 'rl_avg_inventory': 67.00773486490118, 'train_time_s': 110.1303186416626}
Testing combo 473: hc=1.5, of=5.0, sp=200.0, lr=0.0001, n_steps=2048, batch_size=64
 Result: {'holding_cost': 1.5, 'order_fixed': 5.0, 'stockout_penalty': 200.0, 'learning_rate': 0.0001, 'n_steps': 2048, 'n_epochs': 5, 'vf_coef': 0.25, 'ent_coef': 0.0, 'batch_size': 64, 'rl_avg_profit': 212.525933368413, 'rl_avg_stockouts': 38.0515729129453, 'rl_avg_inventory': 59.870692891160104, 'train_time_s': 89.51753330230713}
Testing combo 474: hc=1.5, of=5.0, sp=200.0, lr=0.0001, n_steps=2048, batch_size=64
 Result: {'holding_cost': 1.5, 'order_fixed': 5.0, 'stockout_penalty': 200.0, 'learning_rate': 0.0001, 'n_steps': 2048, 'n_epochs': 5, 'vf_coef': 0.25, 'ent_coef': 0.01, 'batch_size': 64, 'rl_avg_profit': 209.3960378302129, 'rl_avg_stockouts': 1.697246221834451, 'rl_avg_inventory': 68.37612474624424, 'train_time_s': 87.20456767082214}
Testing combo 475: hc=1.5, of=5.0, sp=200.0, lr=0.0001, n_steps=2048, batch_size=64
 Result: {'holding_cost': 1.5, 'order_fixed': 5.0, 'stockout_penalty': 200.0, 'learning_rate': 0.0001, 'n_steps': 2048, 'n_epochs': 8, 'vf_coef': 0.25, 'ent_coef': 0.0, 'batch_size': 64, 'rl_avg_profit': 211.22015900147477, 'rl_avg_stockouts': 12.523915374040921, 'rl_avg_inventory': 63.41455013484172, 'train_time_s': 110.68622064590454}
Testing combo 476: hc=1.5, of=5.0, sp=200.0, lr=0.0001, n_steps=2048, batch_size=64
 Result: {'holding_cost': 1.5, 'order_fixed': 5.0, 'stockout_penalty': 200.0, 'learning_rate': 0.0001, 'n_steps': 2048, 'n_epochs': 8, 'vf_coef': 0.25, 'ent_coef': 0.01, 'batch_size': 64, 'rl_avg_profit': 195.22799679459018, 'rl_avg_stockouts': 9.18130126162946, 'rl_avg_inventory': 73.8563426716687, 'train_time_s': 110.72811698913574}
Testing combo 477: hc=1.5, of=5.0, sp=200.0, lr=0.0001, n_steps=1024, batch_size=64
 Result: {'holding_cost': 1.5, 'order_fixed': 5.0, 'stockout_penalty': 200.0, 'learning_rate': 0.0001, 'n_steps': 1024, 'n_epochs': 5, 'vf_coef': 0.25, 'ent_coef': 0.0, 'batch_size': 64, 'rl_avg_profit': 212.68464794463813, 'rl_avg_stockouts': 73.89793131644666, 'rl_avg_inventory': 54.57793320276966, 'train_time_s': 85.70922327041626}
Testing combo 478: hc=1.5, of=5.0, sp=200.0, lr=0.0001, n_steps=1024, batch_size=64
 Result: {'holding_cost': 1.5, 'order_fixed': 5.0, 'stockout_penalty': 200.0, 'learning_rate': 0.0001, 'n_steps': 1024, 'n_epochs': 5, 'vf_coef': 0.25, 'ent_coef': 0.01, 'batch_size': 64, 'rl_avg_profit': 195.18560431147804, 'rl_avg_stockouts': 8.47674915128663, 'rl_avg_inventory': 72.78053919439445, 'train_time_s': 85.71243023872375}
Testing combo 479: hc=1.5, of=5.0, sp=200.0, lr=0.0001, n_steps=1024, batch_size=64
 Result: {'holding_cost': 1.5, 'order_fixed': 5.0, 'stockout_penalty': 200.0, 'learning_rate': 0.0001, 'n_steps': 1024, 'n_epochs': 8, 'vf_coef': 0.25, 'ent_coef': 0.0, 'batch_size': 64, 'rl_avg_profit': 198.2787595937475, 'rl_avg_stockouts': 22.62436163534118, 'rl_avg_inventory': 70.70111266567282, 'train_time_s': 108.42248392105103}
Testing combo 480: hc=1.5, of=5.0, sp=200.0, lr=0.0001, n_steps=1024, batch_size=64
 Result: {'holding_cost': 1.5, 'order_fixed': 5.0, 'stockout_penalty': 200.0, 'learning_rate': 0.0001, 'n_steps': 1024, 'n_epochs': 8, 'vf_coef': 0.25, 'ent_coef': 0.01, 'batch_size': 64, 'rl_avg_profit': 189.89871315497467, 'rl_avg_stockouts': 18.122161486640042, 'rl_avg_inventory': 75.573549698085, 'train_time_s': 108.52421498298645}
Testing combo 481: hc=1.5, of=20.0, sp=10.0, lr=3e-05, n_steps=512, batch_size=64
 Result: {'holding_cost': 1.5, 'order_fixed': 20.0, 'stockout_penalty': 10.0, 'learning_rate': 3e-05, 'n_steps': 512, 'n_epochs': 5, 'vf_coef': 0.25, 'ent_coef': 0.0, 'batch_size': 64, 'rl_avg_profit': -226.02323977899, 'rl_avg_stockouts': 22855.805272945647, 'rl_avg_inventory': 0.21770901805733983, 'train_time_s': 83.45934796333313}
Testing combo 482: hc=1.5, of=20.0, sp=10.0, lr=3e-05, n_steps=512, batch_size=64
 Result: {'holding_cost': 1.5, 'order_fixed': 20.0, 'stockout_penalty': 10.0, 'learning_rate': 3e-05, 'n_steps': 512, 'n_epochs': 5, 'vf_coef': 0.25, 'ent_coef': 0.01, 'batch_size': 64, 'rl_avg_profit': -224.28661766141948, 'rl_avg_stockouts': 22671.253294781778, 'rl_avg_inventory': 0.1336284498319234, 'train_time_s': 83.36783289909363}
Testing combo 483: hc=1.5, of=20.0, sp=10.0, lr=3e-05, n_steps=512, batch_size=64
 Result: {'holding_cost': 1.5, 'order_fixed': 20.0, 'stockout_penalty': 10.0, 'learning_rate': 3e-05, 'n_steps': 512, 'n_epochs': 8, 'vf_coef': 0.25, 'ent_coef': 0.0, 'batch_size': 64, 'rl_avg_profit': 75.46551759825415, 'rl_avg_stockouts': 9611.014738338888, 'rl_avg_inventory': 5.691650060307975, 'train_time_s': 103.53915500640869}
Testing combo 484: hc=1.5, of=20.0, sp=10.0, lr=3e-05, n_steps=512, batch_size=64
 Result: {'holding_cost': 1.5, 'order_fixed': 20.0, 'stockout_penalty': 10.0, 'learning_rate': 3e-05, 'n_steps': 512, 'n_epochs': 8, 'vf_coef': 0.25, 'ent_coef': 0.01, 'batch_size': 64, 'rl_avg_profit': 131.02651395211194, 'rl_avg_stockouts': 6908.57184833821, 'rl_avg_inventory': 10.279560954762136, 'train_time_s': 103.85030198097229}
Testing combo 485: hc=1.5, of=20.0, sp=10.0, lr=3e-05, n_steps=2048, batch_size=64
 Result: {'holding_cost': 1.5, 'order_fixed': 20.0, 'stockout_penalty': 10.0, 'learning_rate': 3e-05, 'n_steps': 2048, 'n_epochs': 5, 'vf_coef': 0.25, 'ent_coef': 0.0, 'batch_size': 64, 'rl_avg_profit': -223.37507837355923, 'rl_avg_stockouts': 22666.76253053602, 'rl_avg_inventory': 0.1999714044593785, 'train_time_s': 82.45937395095825}
Testing combo 486: hc=1.5, of=20.0, sp=10.0, lr=3e-05, n_steps=2048, batch_size=64
 Result: {'holding_cost': 1.5, 'order_fixed': 20.0, 'stockout_penalty': 10.0, 'learning_rate': 3e-05, 'n_steps': 2048, 'n_epochs': 5, 'vf_coef': 0.25, 'ent_coef': 0.01, 'batch_size': 64, 'rl_avg_profit': -225.7887731352288, 'rl_avg_stockouts': 22791.298408546896, 'rl_avg_inventory': 0.18994766261479626, 'train_time_s': 83.01744723320007}
Testing combo 487: hc=1.5, of=20.0, sp=10.0, lr=3e-05, n_steps=2048, batch_size=64
 Result: {'holding_cost': 1.5, 'order_fixed': 20.0, 'stockout_penalty': 10.0, 'learning_rate': 3e-05, 'n_steps': 2048, 'n_epochs': 8, 'vf_coef': 0.25, 'ent_coef': 0.0, 'batch_size': 64, 'rl_avg_profit': 103.13305546894193, 'rl_avg_stockouts': 8393.395334029276, 'rl_avg_inventory': 5.835722868351445, 'train_time_s': 105.87955856323242}
Testing combo 488: hc=1.5, of=20.0, sp=10.0, lr=3e-05, n_steps=2048, batch_size=64
 Result: {'holding_cost': 1.5, 'order_fixed': 20.0, 'stockout_penalty': 10.0, 'learning_rate': 3e-05, 'n_steps': 2048, 'n_epochs': 8, 'vf_coef': 0.25, 'ent_coef': 0.01, 'batch_size': 64, 'rl_avg_profit': 13.65387380630872, 'rl_avg_stockouts': 12286.751137615891, 'rl_avg_inventory': 3.3973908993816133, 'train_time_s': 108.74547123908997}
Testing combo 489: hc=1.5, of=20.0, sp=10.0, lr=3e-05, n_steps=1024, batch_size=64
 Result: {'holding_cost': 1.5, 'order_fixed': 20.0, 'stockout_penalty': 10.0, 'learning_rate': 3e-05, 'n_steps': 1024, 'n_epochs': 5, 'vf_coef': 0.25, 'ent_coef': 0.0, 'batch_size': 64, 'rl_avg_profit': -220.87290989518687, 'rl_avg_stockouts': 22472.189693976496, 'rl_avg_inventory': 0.16828794824087048, 'train_time_s': 83.52872347831726}
Testing combo 490: hc=1.5, of=20.0, sp=10.0, lr=3e-05, n_steps=1024, batch_size=64
 Result: {'holding_cost': 1.5, 'order_fixed': 20.0, 'stockout_penalty': 10.0, 'learning_rate': 3e-05, 'n_steps': 1024, 'n_epochs': 5, 'vf_coef': 0.25, 'ent_coef': 0.01, 'batch_size': 64, 'rl_avg_profit': -219.57827319236435, 'rl_avg_stockouts': 22363.23961717131, 'rl_avg_inventory': 0.24369986344281944, 'train_time_s': 82.22786903381348}
Testing combo 491: hc=1.5, of=20.0, sp=10.0, lr=3e-05, n_steps=1024, batch_size=64
 Result: {'holding_cost': 1.5, 'order_fixed': 20.0, 'stockout_penalty': 10.0, 'learning_rate': 3e-05, 'n_steps': 1024, 'n_epochs': 8, 'vf_coef': 0.25, 'ent_coef': 0.0, 'batch_size': 64, 'rl_avg_profit': 119.42258749651069, 'rl_avg_stockouts': 7443.444666049736, 'rl_avg_inventory': 9.520081850208904, 'train_time_s': 104.05243039131165}
Testing combo 492: hc=1.5, of=20.0, sp=10.0, lr=3e-05, n_steps=1024, batch_size=64
 Result: {'holding_cost': 1.5, 'order_fixed': 20.0, 'stockout_penalty': 10.0, 'learning_rate': 3e-05, 'n_steps': 1024, 'n_epochs': 8, 'vf_coef': 0.25, 'ent_coef': 0.01, 'batch_size': 64, 'rl_avg_profit': 127.37502051149218, 'rl_avg_stockouts': 7024.323416709599, 'rl_avg_inventory': 12.376353030531373, 'train_time_s': 103.92290115356445}
Testing combo 493: hc=1.5, of=20.0, sp=10.0, lr=0.0001, n_steps=512, batch_size=64
 Result: {'holding_cost': 1.5, 'order_fixed': 20.0, 'stockout_penalty': 10.0, 'learning_rate': 0.0001, 'n_steps': 512, 'n_epochs': 5, 'vf_coef': 0.25, 'ent_coef': 0.0, 'batch_size': 64, 'rl_avg_profit': 177.35220032928268, 'rl_avg_stockouts': 4342.008771701245, 'rl_avg_inventory': 20.526850382293738, 'train_time_s': 81.6364734172821}
Testing combo 494: hc=1.5, of=20.0, sp=10.0, lr=0.0001, n_steps=512, batch_size=64
 Result: {'holding_cost': 1.5, 'order_fixed': 20.0, 'stockout_penalty': 10.0, 'learning_rate': 0.0001, 'n_steps': 512, 'n_epochs': 5, 'vf_coef': 0.25, 'ent_coef': 0.01, 'batch_size': 64, 'rl_avg_profit': 129.77507225676402, 'rl_avg_stockouts': 5758.740535908058, 'rl_avg_inventory': 28.996677458396515, 'train_time_s': 83.96056509017944}
Testing combo 495: hc=1.5, of=20.0, sp=10.0, lr=0.0001, n_steps=512, batch_size=64
 Result: {'holding_cost': 1.5, 'order_fixed': 20.0, 'stockout_penalty': 10.0, 'learning_rate': 0.0001, 'n_steps': 512, 'n_epochs': 8, 'vf_coef': 0.25, 'ent_coef': 0.0, 'batch_size': 64, 'rl_avg_profit': 225.600356330009, 'rl_avg_stockouts': 1475.2329153347064, 'rl_avg_inventory': 32.66570853377042, 'train_time_s': 107.75615310668945}
Testing combo 496: hc=1.5, of=20.0, sp=10.0, lr=0.0001, n_steps=512, batch_size=64
 Result: {'holding_cost': 1.5, 'order_fixed': 20.0, 'stockout_penalty': 10.0, 'learning_rate': 0.0001, 'n_steps': 512, 'n_epochs': 8, 'vf_coef': 0.25, 'ent_coef': 0.01, 'batch_size': 64, 'rl_avg_profit': 219.27445550882217, 'rl_avg_stockouts': 656.4832384880527, 'rl_avg_inventory': 49.45278278674165, 'train_time_s': 105.69375252723694}
Testing combo 497: hc=1.5, of=20.0, sp=10.0, lr=0.0001, n_steps=2048, batch_size=64
 Result: {'holding_cost': 1.5, 'order_fixed': 20.0, 'stockout_penalty': 10.0, 'learning_rate': 0.0001, 'n_steps': 2048, 'n_epochs': 5, 'vf_coef': 0.25, 'ent_coef': 0.0, 'batch_size': 64, 'rl_avg_profit': 229.977626316432, 'rl_avg_stockouts': 1509.4372923203578, 'rl_avg_inventory': 28.35854558612386, 'train_time_s': 85.42801785469055}
Testing combo 498: hc=1.5, of=20.0, sp=10.0, lr=0.0001, n_steps=2048, batch_size=64
 Result: {'holding_cost': 1.5, 'order_fixed': 20.0, 'stockout_penalty': 10.0, 'learning_rate': 0.0001, 'n_steps': 2048, 'n_epochs': 5, 'vf_coef': 0.25, 'ent_coef': 0.01, 'batch_size': 64, 'rl_avg_profit': 201.03953858453957, 'rl_avg_stockouts': 3050.0668199080733, 'rl_avg_inventory': 23.09439694474923, 'train_time_s': 87.25457549095154}
Testing combo 499: hc=1.5, of=20.0, sp=10.0, lr=0.0001, n_steps=2048, batch_size=64
 Result: {'holding_cost': 1.5, 'order_fixed': 20.0, 'stockout_penalty': 10.0, 'learning_rate': 0.0001, 'n_steps': 2048, 'n_epochs': 8, 'vf_coef': 0.25, 'ent_coef': 0.0, 'batch_size': 64, 'rl_avg_profit': 224.01161056451605, 'rl_avg_stockouts': 1184.3522427854004, 'rl_avg_inventory': 37.11927909131736, 'train_time_s': 108.87214827537537}
Testing combo 500: hc=1.5, of=20.0, sp=10.0, lr=0.0001, n_steps=2048, batch_size=64
 Result: {'holding_cost': 1.5, 'order_fixed': 20.0, 'stockout_penalty': 10.0, 'learning_rate': 0.0001, 'n_steps': 2048, 'n_epochs': 8, 'vf_coef': 0.25, 'ent_coef': 0.01, 'batch_size': 64, 'rl_avg_profit': 168.1195633003665, 'rl_avg_stockouts': 3924.448069718448, 'rl_avg_inventory': 30.261650135843716, 'train_time_s': 113.42155814170837}
Testing combo 501: hc=1.5, of=20.0, sp=10.0, lr=0.0001, n_steps=1024, batch_size=64
 Result: {'holding_cost': 1.5, 'order_fixed': 20.0, 'stockout_penalty': 10.0, 'learning_rate': 0.0001, 'n_steps': 1024, 'n_epochs': 5, 'vf_coef': 0.25, 'ent_coef': 0.0, 'batch_size': 64, 'rl_avg_profit': 242.19462453662473, 'rl_avg_stockouts': 803.8044635262806, 'rl_avg_inventory': 31.839800715397484, 'train_time_s': 85.9316611289978}
Testing combo 502: hc=1.5, of=20.0, sp=10.0, lr=0.0001, n_steps=1024, batch_size=64
 Result: {'holding_cost': 1.5, 'order_fixed': 20.0, 'stockout_penalty': 10.0, 'learning_rate': 0.0001, 'n_steps': 1024, 'n_epochs': 5, 'vf_coef': 0.25, 'ent_coef': 0.01, 'batch_size': 64, 'rl_avg_profit': 238.3056816305579, 'rl_avg_stockouts': 942.9200074606003, 'rl_avg_inventory': 30.93298844846144, 'train_time_s': 85.56521487236023}
Testing combo 503: hc=1.5, of=20.0, sp=10.0, lr=0.0001, n_steps=1024, batch_size=64
 Result: {'holding_cost': 1.5, 'order_fixed': 20.0, 'stockout_penalty': 10.0, 'learning_rate': 0.0001, 'n_steps': 1024, 'n_epochs': 8, 'vf_coef': 0.25, 'ent_coef': 0.0, 'batch_size': 64, 'rl_avg_profit': 147.19664718641894, 'rl_avg_stockouts': 4885.651985526857, 'rl_avg_inventory': 31.176195694822564, 'train_time_s': 106.23820352554321}
Testing combo 504: hc=1.5, of=20.0, sp=10.0, lr=0.0001, n_steps=1024, batch_size=64
 Result: {'holding_cost': 1.5, 'order_fixed': 20.0, 'stockout_penalty': 10.0, 'learning_rate': 0.0001, 'n_steps': 1024, 'n_epochs': 8, 'vf_coef': 0.25, 'ent_coef': 0.01, 'batch_size': 64, 'rl_avg_profit': 201.39591106537517, 'rl_avg_stockouts': 576.4514626438486, 'rl_avg_inventory': 59.48904290418102, 'train_time_s': 103.06360912322998}
Testing combo 505: hc=1.5, of=20.0, sp=50.0, lr=3e-05, n_steps=512, batch_size=64
 Result: {'holding_cost': 1.5, 'order_fixed': 20.0, 'stockout_penalty': 50.0, 'learning_rate': 3e-05, 'n_steps': 512, 'n_epochs': 5, 'vf_coef': 0.25, 'ent_coef': 0.0, 'batch_size': 64, 'rl_avg_profit': 247.50204594816296, 'rl_avg_stockouts': 308.43552082288005, 'rl_avg_inventory': 27.805960813385166, 'train_time_s': 80.94026637077332}
Testing combo 506: hc=1.5, of=20.0, sp=50.0, lr=3e-05, n_steps=512, batch_size=64
 Result: {'holding_cost': 1.5, 'order_fixed': 20.0, 'stockout_penalty': 50.0, 'learning_rate': 3e-05, 'n_steps': 512, 'n_epochs': 5, 'vf_coef': 0.25, 'ent_coef': 0.01, 'batch_size': 64, 'rl_avg_profit': 243.9298296234033, 'rl_avg_stockouts': 467.9765338533872, 'rl_avg_inventory': 23.549913131704887, 'train_time_s': 86.41139912605286}
Testing combo 507: hc=1.5, of=20.0, sp=50.0, lr=3e-05, n_steps=512, batch_size=64
 Result: {'holding_cost': 1.5, 'order_fixed': 20.0, 'stockout_penalty': 50.0, 'learning_rate': 3e-05, 'n_steps': 512, 'n_epochs': 8, 'vf_coef': 0.25, 'ent_coef': 0.0, 'batch_size': 64, 'rl_avg_profit': 239.78137423900057, 'rl_avg_stockouts': 186.05857301174981, 'rl_avg_inventory': 37.80550471397295, 'train_time_s': 107.85705089569092}
Testing combo 508: hc=1.5, of=20.0, sp=50.0, lr=3e-05, n_steps=512, batch_size=64
 Result: {'holding_cost': 1.5, 'order_fixed': 20.0, 'stockout_penalty': 50.0, 'learning_rate': 3e-05, 'n_steps': 512, 'n_epochs': 8, 'vf_coef': 0.25, 'ent_coef': 0.01, 'batch_size': 64, 'rl_avg_profit': 229.36088425021057, 'rl_avg_stockouts': 474.31513979119165, 'rl_avg_inventory': 33.563501853322336, 'train_time_s': 106.45396852493286}
Testing combo 509: hc=1.5, of=20.0, sp=50.0, lr=3e-05, n_steps=2048, batch_size=64
 Result: {'holding_cost': 1.5, 'order_fixed': 20.0, 'stockout_penalty': 50.0, 'learning_rate': 3e-05, 'n_steps': 2048, 'n_epochs': 5, 'vf_coef': 0.25, 'ent_coef': 0.0, 'batch_size': 64, 'rl_avg_profit': 249.38973068775576, 'rl_avg_stockouts': 347.32768420139774, 'rl_avg_inventory': 24.81291044367503, 'train_time_s': 90.43240880966187}
Testing combo 510: hc=1.5, of=20.0, sp=50.0, lr=3e-05, n_steps=2048, batch_size=64
 Result: {'holding_cost': 1.5, 'order_fixed': 20.0, 'stockout_penalty': 50.0, 'learning_rate': 3e-05, 'n_steps': 2048, 'n_epochs': 5, 'vf_coef': 0.25, 'ent_coef': 0.01, 'batch_size': 64, 'rl_avg_profit': 251.02547742888572, 'rl_avg_stockouts': 259.7030172732351, 'rl_avg_inventory': 26.80069311201573, 'train_time_s': 89.66586136817932}
Testing combo 511: hc=1.5, of=20.0, sp=50.0, lr=3e-05, n_steps=2048, batch_size=64
 Result: {'holding_cost': 1.5, 'order_fixed': 20.0, 'stockout_penalty': 50.0, 'learning_rate': 3e-05, 'n_steps': 2048, 'n_epochs': 8, 'vf_coef': 0.25, 'ent_coef': 0.0, 'batch_size': 64, 'rl_avg_profit': 235.36048419576136, 'rl_avg_stockouts': 221.2487320945482, 'rl_avg_inventory': 40.16973596494491, 'train_time_s': 107.98527836799622}
Testing combo 512: hc=1.5, of=20.0, sp=50.0, lr=3e-05, n_steps=2048, batch_size=64
 Result: {'holding_cost': 1.5, 'order_fixed': 20.0, 'stockout_penalty': 50.0, 'learning_rate': 3e-05, 'n_steps': 2048, 'n_epochs': 8, 'vf_coef': 0.25, 'ent_coef': 0.01, 'batch_size': 64, 'rl_avg_profit': 242.21428856607773, 'rl_avg_stockouts': 299.36507639356216, 'rl_avg_inventory': 31.082095210470566, 'train_time_s': 112.94000577926636}
Testing combo 513: hc=1.5, of=20.0, sp=50.0, lr=3e-05, n_steps=1024, batch_size=64
 Result: {'holding_cost': 1.5, 'order_fixed': 20.0, 'stockout_penalty': 50.0, 'learning_rate': 3e-05, 'n_steps': 1024, 'n_epochs': 5, 'vf_coef': 0.25, 'ent_coef': 0.0, 'batch_size': 64, 'rl_avg_profit': 252.61612463203124, 'rl_avg_stockouts': 336.0082833320811, 'rl_avg_inventory': 25.276385108634624, 'train_time_s': 82.88082814216614}
Testing combo 514: hc=1.5, of=20.0, sp=50.0, lr=3e-05, n_steps=1024, batch_size=64
 Result: {'holding_cost': 1.5, 'order_fixed': 20.0, 'stockout_penalty': 50.0, 'learning_rate': 3e-05, 'n_steps': 1024, 'n_epochs': 5, 'vf_coef': 0.25, 'ent_coef': 0.01, 'batch_size': 64, 'rl_avg_profit': -38.1701943721906, 'rl_avg_stockouts': 5118.3018402011185, 'rl_avg_inventory': 16.277444289273596, 'train_time_s': 87.06654238700867}
Testing combo 515: hc=1.5, of=20.0, sp=50.0, lr=3e-05, n_steps=1024, batch_size=64
 Result: {'holding_cost': 1.5, 'order_fixed': 20.0, 'stockout_penalty': 50.0, 'learning_rate': 3e-05, 'n_steps': 1024, 'n_epochs': 8, 'vf_coef': 0.25, 'ent_coef': 0.0, 'batch_size': 64, 'rl_avg_profit': 238.2466915328934, 'rl_avg_stockouts': 315.7706085500173, 'rl_avg_inventory': 32.64303376900007, 'train_time_s': 107.86685872077942}
Testing combo 516: hc=1.5, of=20.0, sp=50.0, lr=3e-05, n_steps=1024, batch_size=64
 Result: {'holding_cost': 1.5, 'order_fixed': 20.0, 'stockout_penalty': 50.0, 'learning_rate': 3e-05, 'n_steps': 1024, 'n_epochs': 8, 'vf_coef': 0.25, 'ent_coef': 0.01, 'batch_size': 64, 'rl_avg_profit': 237.65959959829857, 'rl_avg_stockouts': 262.1482965500824, 'rl_avg_inventory': 36.13112707549578, 'train_time_s': 103.47611594200134}
Testing combo 517: hc=1.5, of=20.0, sp=50.0, lr=0.0001, n_steps=512, batch_size=64
 Result: {'holding_cost': 1.5, 'order_fixed': 20.0, 'stockout_penalty': 50.0, 'learning_rate': 0.0001, 'n_steps': 512, 'n_epochs': 5, 'vf_coef': 0.25, 'ent_coef': 0.0, 'batch_size': 64, 'rl_avg_profit': 217.9327520159211, 'rl_avg_stockouts': 217.12438371884468, 'rl_avg_inventory': 50.13957333878295, 'train_time_s': 86.45878982543945}
Testing combo 518: hc=1.5, of=20.0, sp=50.0, lr=0.0001, n_steps=512, batch_size=64
 Result: {'holding_cost': 1.5, 'order_fixed': 20.0, 'stockout_penalty': 50.0, 'learning_rate': 0.0001, 'n_steps': 512, 'n_epochs': 5, 'vf_coef': 0.25, 'ent_coef': 0.01, 'batch_size': 64, 'rl_avg_profit': 230.5855115428617, 'rl_avg_stockouts': 286.1504287460226, 'rl_avg_inventory': 39.6232050169984, 'train_time_s': 84.87779068946838}
Testing combo 519: hc=1.5, of=20.0, sp=50.0, lr=0.0001, n_steps=512, batch_size=64
 Result: {'holding_cost': 1.5, 'order_fixed': 20.0, 'stockout_penalty': 50.0, 'learning_rate': 0.0001, 'n_steps': 512, 'n_epochs': 8, 'vf_coef': 0.25, 'ent_coef': 0.0, 'batch_size': 64, 'rl_avg_profit': 204.12094388128133, 'rl_avg_stockouts': 98.40468191065249, 'rl_avg_inventory': 63.874178311922776, 'train_time_s': 111.19013595581055}
Testing combo 520: hc=1.5, of=20.0, sp=50.0, lr=0.0001, n_steps=512, batch_size=64
 Result: {'holding_cost': 1.5, 'order_fixed': 20.0, 'stockout_penalty': 50.0, 'learning_rate': 0.0001, 'n_steps': 512, 'n_epochs': 8, 'vf_coef': 0.25, 'ent_coef': 0.01, 'batch_size': 64, 'rl_avg_profit': 208.51385660716855, 'rl_avg_stockouts': 270.96334078139216, 'rl_avg_inventory': 54.77314856568428, 'train_time_s': 108.499591588974}
Testing combo 521: hc=1.5, of=20.0, sp=50.0, lr=0.0001, n_steps=2048, batch_size=64
 Result: {'holding_cost': 1.5, 'order_fixed': 20.0, 'stockout_penalty': 50.0, 'learning_rate': 0.0001, 'n_steps': 2048, 'n_epochs': 5, 'vf_coef': 0.25, 'ent_coef': 0.0, 'batch_size': 64, 'rl_avg_profit': 227.92443296989637, 'rl_avg_stockouts': 184.79198856166485, 'rl_avg_inventory': 45.954287825153294, 'train_time_s': 83.82254528999329}
Testing combo 522: hc=1.5, of=20.0, sp=50.0, lr=0.0001, n_steps=2048, batch_size=64
 Result: {'holding_cost': 1.5, 'order_fixed': 20.0, 'stockout_penalty': 50.0, 'learning_rate': 0.0001, 'n_steps': 2048, 'n_epochs': 5, 'vf_coef': 0.25, 'ent_coef': 0.01, 'batch_size': 64, 'rl_avg_profit': 227.2115714249822, 'rl_avg_stockouts': 199.77305748416657, 'rl_avg_inventory': 45.61498413791395, 'train_time_s': 85.78147506713867}
Testing combo 523: hc=1.5, of=20.0, sp=50.0, lr=0.0001, n_steps=2048, batch_size=64
 Result: {'holding_cost': 1.5, 'order_fixed': 20.0, 'stockout_penalty': 50.0, 'learning_rate': 0.0001, 'n_steps': 2048, 'n_epochs': 8, 'vf_coef': 0.25, 'ent_coef': 0.0, 'batch_size': 64, 'rl_avg_profit': 215.7012355384789, 'rl_avg_stockouts': 135.69088436915945, 'rl_avg_inventory': 52.361937860201486, 'train_time_s': 107.4349114894867}
Testing combo 524: hc=1.5, of=20.0, sp=50.0, lr=0.0001, n_steps=2048, batch_size=64
 Result: {'holding_cost': 1.5, 'order_fixed': 20.0, 'stockout_penalty': 50.0, 'learning_rate': 0.0001, 'n_steps': 2048, 'n_epochs': 8, 'vf_coef': 0.25, 'ent_coef': 0.01, 'batch_size': 64, 'rl_avg_profit': 220.49475049301032, 'rl_avg_stockouts': 111.33450257234207, 'rl_avg_inventory': 53.34095515616953, 'train_time_s': 108.93930697441101}
Testing combo 525: hc=1.5, of=20.0, sp=50.0, lr=0.0001, n_steps=1024, batch_size=64
 Result: {'holding_cost': 1.5, 'order_fixed': 20.0, 'stockout_penalty': 50.0, 'learning_rate': 0.0001, 'n_steps': 1024, 'n_epochs': 5, 'vf_coef': 0.25, 'ent_coef': 0.0, 'batch_size': 64, 'rl_avg_profit': 218.13604204807712, 'rl_avg_stockouts': 291.42715740730586, 'rl_avg_inventory': 48.6126075304371, 'train_time_s': 88.38445711135864}
Testing combo 526: hc=1.5, of=20.0, sp=50.0, lr=0.0001, n_steps=1024, batch_size=64
 Result: {'holding_cost': 1.5, 'order_fixed': 20.0, 'stockout_penalty': 50.0, 'learning_rate': 0.0001, 'n_steps': 1024, 'n_epochs': 5, 'vf_coef': 0.25, 'ent_coef': 0.01, 'batch_size': 64, 'rl_avg_profit': 213.6724699660152, 'rl_avg_stockouts': 408.44217946399056, 'rl_avg_inventory': 45.367433175452774, 'train_time_s': 85.43087935447693}
Testing combo 527: hc=1.5, of=20.0, sp=50.0, lr=0.0001, n_steps=1024, batch_size=64
 Result: {'holding_cost': 1.5, 'order_fixed': 20.0, 'stockout_penalty': 50.0, 'learning_rate': 0.0001, 'n_steps': 1024, 'n_epochs': 8, 'vf_coef': 0.25, 'ent_coef': 0.0, 'batch_size': 64, 'rl_avg_profit': 180.97234053378043, 'rl_avg_stockouts': 300.5943382790352, 'rl_avg_inventory': 68.22016301351051, 'train_time_s': 107.41721200942993}
Testing combo 528: hc=1.5, of=20.0, sp=50.0, lr=0.0001, n_steps=1024, batch_size=64
 Result: {'holding_cost': 1.5, 'order_fixed': 20.0, 'stockout_penalty': 50.0, 'learning_rate': 0.0001, 'n_steps': 1024, 'n_epochs': 8, 'vf_coef': 0.25, 'ent_coef': 0.01, 'batch_size': 64, 'rl_avg_profit': 203.2651638013504, 'rl_avg_stockouts': 184.71758002549777, 'rl_avg_inventory': 59.889431365287464, 'train_time_s': 104.56396126747131}
Testing combo 529: hc=1.5, of=20.0, sp=100.0, lr=3e-05, n_steps=512, batch_size=64
 Result: {'holding_cost': 1.5, 'order_fixed': 20.0, 'stockout_penalty': 100.0, 'learning_rate': 3e-05, 'n_steps': 512, 'n_epochs': 5, 'vf_coef': 0.25, 'ent_coef': 0.0, 'batch_size': 64, 'rl_avg_profit': 239.43178842809508, 'rl_avg_stockouts': 169.80067490279038, 'rl_avg_inventory': 36.03617278838607, 'train_time_s': 87.41337704658508}
Testing combo 530: hc=1.5, of=20.0, sp=100.0, lr=3e-05, n_steps=512, batch_size=64
 Result: {'holding_cost': 1.5, 'order_fixed': 20.0, 'stockout_penalty': 100.0, 'learning_rate': 3e-05, 'n_steps': 512, 'n_epochs': 5, 'vf_coef': 0.25, 'ent_coef': 0.01, 'batch_size': 64, 'rl_avg_profit': 238.73644125504256, 'rl_avg_stockouts': 144.95465997679116, 'rl_avg_inventory': 34.35273491392601, 'train_time_s': 86.7964973449707}
Testing combo 531: hc=1.5, of=20.0, sp=100.0, lr=3e-05, n_steps=512, batch_size=64
 Result: {'holding_cost': 1.5, 'order_fixed': 20.0, 'stockout_penalty': 100.0, 'learning_rate': 3e-05, 'n_steps': 512, 'n_epochs': 8, 'vf_coef': 0.25, 'ent_coef': 0.0, 'batch_size': 64, 'rl_avg_profit': 239.9911949124467, 'rl_avg_stockouts': 141.42942264383072, 'rl_avg_inventory': 36.33939365238359, 'train_time_s': 108.1924798488617}
Testing combo 532: hc=1.5, of=20.0, sp=100.0, lr=3e-05, n_steps=512, batch_size=64
 Result: {'holding_cost': 1.5, 'order_fixed': 20.0, 'stockout_penalty': 100.0, 'learning_rate': 3e-05, 'n_steps': 512, 'n_epochs': 8, 'vf_coef': 0.25, 'ent_coef': 0.01, 'batch_size': 64, 'rl_avg_profit': 233.43842628124284, 'rl_avg_stockouts': 91.32777431935479, 'rl_avg_inventory': 42.53456092416424, 'train_time_s': 110.85435390472412}
Testing combo 533: hc=1.5, of=20.0, sp=100.0, lr=3e-05, n_steps=2048, batch_size=64
 Result: {'holding_cost': 1.5, 'order_fixed': 20.0, 'stockout_penalty': 100.0, 'learning_rate': 3e-05, 'n_steps': 2048, 'n_epochs': 5, 'vf_coef': 0.25, 'ent_coef': 0.0, 'batch_size': 64, 'rl_avg_profit': 240.87571746226848, 'rl_avg_stockouts': 147.03315726248007, 'rl_avg_inventory': 32.887333185640095, 'train_time_s': 85.69713640213013}
Testing combo 534: hc=1.5, of=20.0, sp=100.0, lr=3e-05, n_steps=2048, batch_size=64
 Result: {'holding_cost': 1.5, 'order_fixed': 20.0, 'stockout_penalty': 100.0, 'learning_rate': 3e-05, 'n_steps': 2048, 'n_epochs': 5, 'vf_coef': 0.25, 'ent_coef': 0.01, 'batch_size': 64, 'rl_avg_profit': 235.7493352108222, 'rl_avg_stockouts': 92.48093233597154, 'rl_avg_inventory': 39.04219231651662, 'train_time_s': 88.08849883079529}
Testing combo 535: hc=1.5, of=20.0, sp=100.0, lr=3e-05, n_steps=2048, batch_size=64
 Result: {'holding_cost': 1.5, 'order_fixed': 20.0, 'stockout_penalty': 100.0, 'learning_rate': 3e-05, 'n_steps': 2048, 'n_epochs': 8, 'vf_coef': 0.25, 'ent_coef': 0.0, 'batch_size': 64, 'rl_avg_profit': 227.4775398102657, 'rl_avg_stockouts': 153.56798358158434, 'rl_avg_inventory': 41.64645920407282, 'train_time_s': 113.72446846961975}
Testing combo 536: hc=1.5, of=20.0, sp=100.0, lr=3e-05, n_steps=2048, batch_size=64
 Result: {'holding_cost': 1.5, 'order_fixed': 20.0, 'stockout_penalty': 100.0, 'learning_rate': 3e-05, 'n_steps': 2048, 'n_epochs': 8, 'vf_coef': 0.25, 'ent_coef': 0.01, 'batch_size': 64, 'rl_avg_profit': 230.88919673960112, 'rl_avg_stockouts': 111.48319723012955, 'rl_avg_inventory': 42.517177396555475, 'train_time_s': 110.3083164691925}
Testing combo 537: hc=1.5, of=20.0, sp=100.0, lr=3e-05, n_steps=1024, batch_size=64
 Result: {'holding_cost': 1.5, 'order_fixed': 20.0, 'stockout_penalty': 100.0, 'learning_rate': 3e-05, 'n_steps': 1024, 'n_epochs': 5, 'vf_coef': 0.25, 'ent_coef': 0.0, 'batch_size': 64, 'rl_avg_profit': 244.00703402478058, 'rl_avg_stockouts': 59.48128304390324, 'rl_avg_inventory': 38.65246096023141, 'train_time_s': 85.11232590675354}
Testing combo 538: hc=1.5, of=20.0, sp=100.0, lr=3e-05, n_steps=1024, batch_size=64
 Result: {'holding_cost': 1.5, 'order_fixed': 20.0, 'stockout_penalty': 100.0, 'learning_rate': 3e-05, 'n_steps': 1024, 'n_epochs': 5, 'vf_coef': 0.25, 'ent_coef': 0.01, 'batch_size': 64, 'rl_avg_profit': 240.73135979364096, 'rl_avg_stockouts': 235.3143385405994, 'rl_avg_inventory': 26.828101454589465, 'train_time_s': 82.9062991142273}
Testing combo 539: hc=1.5, of=20.0, sp=100.0, lr=3e-05, n_steps=1024, batch_size=64
 Result: {'holding_cost': 1.5, 'order_fixed': 20.0, 'stockout_penalty': 100.0, 'learning_rate': 3e-05, 'n_steps': 1024, 'n_epochs': 8, 'vf_coef': 0.25, 'ent_coef': 0.0, 'batch_size': 64, 'rl_avg_profit': 218.5500136180156, 'rl_avg_stockouts': 252.5013236415109, 'rl_avg_inventory': 38.72984325219507, 'train_time_s': 107.98640584945679}
Testing combo 540: hc=1.5, of=20.0, sp=100.0, lr=3e-05, n_steps=1024, batch_size=64
 Result: {'holding_cost': 1.5, 'order_fixed': 20.0, 'stockout_penalty': 100.0, 'learning_rate': 3e-05, 'n_steps': 1024, 'n_epochs': 8, 'vf_coef': 0.25, 'ent_coef': 0.01, 'batch_size': 64, 'rl_avg_profit': 233.856238360889, 'rl_avg_stockouts': 129.24570805665314, 'rl_avg_inventory': 37.11704284439348, 'train_time_s': 110.3907732963562}
Testing combo 541: hc=1.5, of=20.0, sp=100.0, lr=0.0001, n_steps=512, batch_size=64
 Result: {'holding_cost': 1.5, 'order_fixed': 20.0, 'stockout_penalty': 100.0, 'learning_rate': 0.0001, 'n_steps': 512, 'n_epochs': 5, 'vf_coef': 0.25, 'ent_coef': 0.0, 'batch_size': 64, 'rl_avg_profit': 204.47361208879948, 'rl_avg_stockouts': 72.63750707923673, 'rl_avg_inventory': 59.91092680382402, 'train_time_s': 88.72179675102234}
Testing combo 542: hc=1.5, of=20.0, sp=100.0, lr=0.0001, n_steps=512, batch_size=64
 Result: {'holding_cost': 1.5, 'order_fixed': 20.0, 'stockout_penalty': 100.0, 'learning_rate': 0.0001, 'n_steps': 512, 'n_epochs': 5, 'vf_coef': 0.25, 'ent_coef': 0.01, 'batch_size': 64, 'rl_avg_profit': 225.62628615713547, 'rl_avg_stockouts': 105.81930534344846, 'rl_avg_inventory': 47.766118891108526, 'train_time_s': 85.51831674575806}
Testing combo 543: hc=1.5, of=20.0, sp=100.0, lr=0.0001, n_steps=512, batch_size=64
 Result: {'holding_cost': 1.5, 'order_fixed': 20.0, 'stockout_penalty': 100.0, 'learning_rate': 0.0001, 'n_steps': 512, 'n_epochs': 8, 'vf_coef': 0.25, 'ent_coef': 0.0, 'batch_size': 64, 'rl_avg_profit': 194.05150759524992, 'rl_avg_stockouts': 112.82163742205236, 'rl_avg_inventory': 65.72220138027244, 'train_time_s': 109.23420286178589}
Testing combo 544: hc=1.5, of=20.0, sp=100.0, lr=0.0001, n_steps=512, batch_size=64
 Result: {'holding_cost': 1.5, 'order_fixed': 20.0, 'stockout_penalty': 100.0, 'learning_rate': 0.0001, 'n_steps': 512, 'n_epochs': 8, 'vf_coef': 0.25, 'ent_coef': 0.01, 'batch_size': 64, 'rl_avg_profit': 196.9092578120514, 'rl_avg_stockouts': 43.39060009405784, 'rl_avg_inventory': 66.86088132570868, 'train_time_s': 109.68796920776367}
Testing combo 545: hc=1.5, of=20.0, sp=100.0, lr=0.0001, n_steps=2048, batch_size=64
 Result: {'holding_cost': 1.5, 'order_fixed': 20.0, 'stockout_penalty': 100.0, 'learning_rate': 0.0001, 'n_steps': 2048, 'n_epochs': 5, 'vf_coef': 0.25, 'ent_coef': 0.0, 'batch_size': 64, 'rl_avg_profit': 220.01624655514343, 'rl_avg_stockouts': 126.84567025308749, 'rl_avg_inventory': 48.37956287540801, 'train_time_s': 86.94522213935852}
Testing combo 546: hc=1.5, of=20.0, sp=100.0, lr=0.0001, n_steps=2048, batch_size=64
 Result: {'holding_cost': 1.5, 'order_fixed': 20.0, 'stockout_penalty': 100.0, 'learning_rate': 0.0001, 'n_steps': 2048, 'n_epochs': 5, 'vf_coef': 0.25, 'ent_coef': 0.01, 'batch_size': 64, 'rl_avg_profit': 213.8164248177648, 'rl_avg_stockouts': 144.38781133896154, 'rl_avg_inventory': 50.83325953571763, 'train_time_s': 88.74385285377502}
Testing combo 547: hc=1.5, of=20.0, sp=100.0, lr=0.0001, n_steps=2048, batch_size=64
 Result: {'holding_cost': 1.5, 'order_fixed': 20.0, 'stockout_penalty': 100.0, 'learning_rate': 0.0001, 'n_steps': 2048, 'n_epochs': 8, 'vf_coef': 0.25, 'ent_coef': 0.0, 'batch_size': 64, 'rl_avg_profit': 200.43605476587146, 'rl_avg_stockouts': 59.21508729258245, 'rl_avg_inventory': 65.92970711851773, 'train_time_s': 109.54476428031921}
Testing combo 548: hc=1.5, of=20.0, sp=100.0, lr=0.0001, n_steps=2048, batch_size=64
 Result: {'holding_cost': 1.5, 'order_fixed': 20.0, 'stockout_penalty': 100.0, 'learning_rate': 0.0001, 'n_steps': 2048, 'n_epochs': 8, 'vf_coef': 0.25, 'ent_coef': 0.01, 'batch_size': 64, 'rl_avg_profit': 196.454225653048, 'rl_avg_stockouts': 99.14498323995589, 'rl_avg_inventory': 64.7530520695203, 'train_time_s': 113.79703307151794}
Testing combo 549: hc=1.5, of=20.0, sp=100.0, lr=0.0001, n_steps=1024, batch_size=64
 Result: {'holding_cost': 1.5, 'order_fixed': 20.0, 'stockout_penalty': 100.0, 'learning_rate': 0.0001, 'n_steps': 1024, 'n_epochs': 5, 'vf_coef': 0.25, 'ent_coef': 0.0, 'batch_size': 64, 'rl_avg_profit': 215.73744355298655, 'rl_avg_stockouts': 116.21907472755088, 'rl_avg_inventory': 52.644130780925494, 'train_time_s': 84.14760088920593}
Testing combo 550: hc=1.5, of=20.0, sp=100.0, lr=0.0001, n_steps=1024, batch_size=64
 Result: {'holding_cost': 1.5, 'order_fixed': 20.0, 'stockout_penalty': 100.0, 'learning_rate': 0.0001, 'n_steps': 1024, 'n_epochs': 5, 'vf_coef': 0.25, 'ent_coef': 0.01, 'batch_size': 64, 'rl_avg_profit': 202.10417136163073, 'rl_avg_stockouts': 140.73413408863533, 'rl_avg_inventory': 57.31856232760704, 'train_time_s': 84.218505859375}
Testing combo 551: hc=1.5, of=20.0, sp=100.0, lr=0.0001, n_steps=1024, batch_size=64
 Result: {'holding_cost': 1.5, 'order_fixed': 20.0, 'stockout_penalty': 100.0, 'learning_rate': 0.0001, 'n_steps': 1024, 'n_epochs': 8, 'vf_coef': 0.25, 'ent_coef': 0.0, 'batch_size': 64, 'rl_avg_profit': 196.72560974203935, 'rl_avg_stockouts': 96.86448838254964, 'rl_avg_inventory': 65.85440875262431, 'train_time_s': 106.9146556854248}
Testing combo 552: hc=1.5, of=20.0, sp=100.0, lr=0.0001, n_steps=1024, batch_size=64
 Result: {'holding_cost': 1.5, 'order_fixed': 20.0, 'stockout_penalty': 100.0, 'learning_rate': 0.0001, 'n_steps': 1024, 'n_epochs': 8, 'vf_coef': 0.25, 'ent_coef': 0.01, 'batch_size': 64, 'rl_avg_profit': 192.42280989408877, 'rl_avg_stockouts': 49.37504943007782, 'rl_avg_inventory': 69.6395666681577, 'train_time_s': 110.4915702342987}
Testing combo 553: hc=1.5, of=20.0, sp=200.0, lr=3e-05, n_steps=512, batch_size=64
 Result: {'holding_cost': 1.5, 'order_fixed': 20.0, 'stockout_penalty': 200.0, 'learning_rate': 3e-05, 'n_steps': 512, 'n_epochs': 5, 'vf_coef': 0.25, 'ent_coef': 0.0, 'batch_size': 64, 'rl_avg_profit': 210.9396989220751, 'rl_avg_stockouts': 107.0705033685847, 'rl_avg_inventory': 47.43759321879034, 'train_time_s': 88.37178754806519}
Testing combo 554: hc=1.5, of=20.0, sp=200.0, lr=3e-05, n_steps=512, batch_size=64
 Result: {'holding_cost': 1.5, 'order_fixed': 20.0, 'stockout_penalty': 200.0, 'learning_rate': 3e-05, 'n_steps': 512, 'n_epochs': 5, 'vf_coef': 0.25, 'ent_coef': 0.01, 'batch_size': 64, 'rl_avg_profit': 237.03817198287962, 'rl_avg_stockouts': 75.04612199076686, 'rl_avg_inventory': 36.611204434686336, 'train_time_s': 86.69406151771545}
Testing combo 555: hc=1.5, of=20.0, sp=200.0, lr=3e-05, n_steps=512, batch_size=64
 Result: {'holding_cost': 1.5, 'order_fixed': 20.0, 'stockout_penalty': 200.0, 'learning_rate': 3e-05, 'n_steps': 512, 'n_epochs': 8, 'vf_coef': 0.25, 'ent_coef': 0.0, 'batch_size': 64, 'rl_avg_profit': 225.4584370101417, 'rl_avg_stockouts': 69.28925168976409, 'rl_avg_inventory': 45.10247506487859, 'train_time_s': 109.96148943901062}
Testing combo 556: hc=1.5, of=20.0, sp=200.0, lr=3e-05, n_steps=512, batch_size=64
 Result: {'holding_cost': 1.5, 'order_fixed': 20.0, 'stockout_penalty': 200.0, 'learning_rate': 3e-05, 'n_steps': 512, 'n_epochs': 8, 'vf_coef': 0.25, 'ent_coef': 0.01, 'batch_size': 64, 'rl_avg_profit': 215.69730453191704, 'rl_avg_stockouts': 60.048457901287726, 'rl_avg_inventory': 51.25487119217441, 'train_time_s': 106.74181032180786}
Testing combo 557: hc=1.5, of=20.0, sp=200.0, lr=3e-05, n_steps=2048, batch_size=64
 Result: {'holding_cost': 1.5, 'order_fixed': 20.0, 'stockout_penalty': 200.0, 'learning_rate': 3e-05, 'n_steps': 2048, 'n_epochs': 5, 'vf_coef': 0.25, 'ent_coef': 0.0, 'batch_size': 64, 'rl_avg_profit': 228.58977109275892, 'rl_avg_stockouts': 54.79664343161644, 'rl_avg_inventory': 42.73525315552541, 'train_time_s': 88.79045581817627}
Testing combo 558: hc=1.5, of=20.0, sp=200.0, lr=3e-05, n_steps=2048, batch_size=64
 Result: {'holding_cost': 1.5, 'order_fixed': 20.0, 'stockout_penalty': 200.0, 'learning_rate': 3e-05, 'n_steps': 2048, 'n_epochs': 5, 'vf_coef': 0.25, 'ent_coef': 0.01, 'batch_size': 64, 'rl_avg_profit': 218.1528411968897, 'rl_avg_stockouts': 25.845655919925754, 'rl_avg_inventory': 55.77144005579491, 'train_time_s': 86.83785891532898}
Testing combo 559: hc=1.5, of=20.0, sp=200.0, lr=3e-05, n_steps=2048, batch_size=64
 Result: {'holding_cost': 1.5, 'order_fixed': 20.0, 'stockout_penalty': 200.0, 'learning_rate': 3e-05, 'n_steps': 2048, 'n_epochs': 8, 'vf_coef': 0.25, 'ent_coef': 0.0, 'batch_size': 64, 'rl_avg_profit': 205.7970103343198, 'rl_avg_stockouts': 42.29556379691846, 'rl_avg_inventory': 59.84502186422478, 'train_time_s': 109.82178735733032}
Testing combo 560: hc=1.5, of=20.0, sp=200.0, lr=3e-05, n_steps=2048, batch_size=64
 Result: {'holding_cost': 1.5, 'order_fixed': 20.0, 'stockout_penalty': 200.0, 'learning_rate': 3e-05, 'n_steps': 2048, 'n_epochs': 8, 'vf_coef': 0.25, 'ent_coef': 0.01, 'batch_size': 64, 'rl_avg_profit': 211.8415640943851, 'rl_avg_stockouts': 71.7566962333718, 'rl_avg_inventory': 51.98566120147704, 'train_time_s': 107.12663960456848}
Testing combo 561: hc=1.5, of=20.0, sp=200.0, lr=3e-05, n_steps=1024, batch_size=64
 Result: {'holding_cost': 1.5, 'order_fixed': 20.0, 'stockout_penalty': 200.0, 'learning_rate': 3e-05, 'n_steps': 1024, 'n_epochs': 5, 'vf_coef': 0.25, 'ent_coef': 0.0, 'batch_size': 64, 'rl_avg_profit': 222.76501292338966, 'rl_avg_stockouts': 42.13489717226323, 'rl_avg_inventory': 49.37756335611213, 'train_time_s': 84.41081595420837}
Testing combo 562: hc=1.5, of=20.0, sp=200.0, lr=3e-05, n_steps=1024, batch_size=64
 Result: {'holding_cost': 1.5, 'order_fixed': 20.0, 'stockout_penalty': 200.0, 'learning_rate': 3e-05, 'n_steps': 1024, 'n_epochs': 5, 'vf_coef': 0.25, 'ent_coef': 0.01, 'batch_size': 64, 'rl_avg_profit': 218.67893527709316, 'rl_avg_stockouts': 9.759390482522292, 'rl_avg_inventory': 55.514646098385114, 'train_time_s': 87.84401392936707}
Testing combo 563: hc=1.5, of=20.0, sp=200.0, lr=3e-05, n_steps=1024, batch_size=64
 Result: {'holding_cost': 1.5, 'order_fixed': 20.0, 'stockout_penalty': 200.0, 'learning_rate': 3e-05, 'n_steps': 1024, 'n_epochs': 8, 'vf_coef': 0.25, 'ent_coef': 0.0, 'batch_size': 64, 'rl_avg_profit': 215.32231969589543, 'rl_avg_stockouts': 34.98838944543228, 'rl_avg_inventory': 55.83081414895514, 'train_time_s': 112.42016768455505}
Testing combo 564: hc=1.5, of=20.0, sp=200.0, lr=3e-05, n_steps=1024, batch_size=64
 Result: {'holding_cost': 1.5, 'order_fixed': 20.0, 'stockout_penalty': 200.0, 'learning_rate': 3e-05, 'n_steps': 1024, 'n_epochs': 8, 'vf_coef': 0.25, 'ent_coef': 0.01, 'batch_size': 64, 'rl_avg_profit': 226.31858174204095, 'rl_avg_stockouts': 19.82725159626456, 'rl_avg_inventory': 51.520523992303296, 'train_time_s': 104.79353952407837}
Testing combo 565: hc=1.5, of=20.0, sp=200.0, lr=0.0001, n_steps=512, batch_size=64
 Result: {'holding_cost': 1.5, 'order_fixed': 20.0, 'stockout_penalty': 200.0, 'learning_rate': 0.0001, 'n_steps': 512, 'n_epochs': 5, 'vf_coef': 0.25, 'ent_coef': 0.0, 'batch_size': 64, 'rl_avg_profit': 206.72526472764002, 'rl_avg_stockouts': 23.296881929436523, 'rl_avg_inventory': 63.463271575823214, 'train_time_s': 89.8957130908966}
Testing combo 566: hc=1.5, of=20.0, sp=200.0, lr=0.0001, n_steps=512, batch_size=64
 Result: {'holding_cost': 1.5, 'order_fixed': 20.0, 'stockout_penalty': 200.0, 'learning_rate': 0.0001, 'n_steps': 512, 'n_epochs': 5, 'vf_coef': 0.25, 'ent_coef': 0.01, 'batch_size': 64, 'rl_avg_profit': 202.26200445078115, 'rl_avg_stockouts': 47.73360308035183, 'rl_avg_inventory': 61.97401073720357, 'train_time_s': 87.8046350479126}
Testing combo 567: hc=1.5, of=20.0, sp=200.0, lr=0.0001, n_steps=512, batch_size=64
 Result: {'holding_cost': 1.5, 'order_fixed': 20.0, 'stockout_penalty': 200.0, 'learning_rate': 0.0001, 'n_steps': 512, 'n_epochs': 8, 'vf_coef': 0.25, 'ent_coef': 0.0, 'batch_size': 64, 'rl_avg_profit': 204.39671309003174, 'rl_avg_stockouts': 0.31159361898918336, 'rl_avg_inventory': 68.48248184935689, 'train_time_s': 108.68886017799377}
Testing combo 568: hc=1.5, of=20.0, sp=200.0, lr=0.0001, n_steps=512, batch_size=64
 Result: {'holding_cost': 1.5, 'order_fixed': 20.0, 'stockout_penalty': 200.0, 'learning_rate': 0.0001, 'n_steps': 512, 'n_epochs': 8, 'vf_coef': 0.25, 'ent_coef': 0.01, 'batch_size': 64, 'rl_avg_profit': 186.9319170258565, 'rl_avg_stockouts': 45.14584283503623, 'rl_avg_inventory': 72.05551429291293, 'train_time_s': 112.28928899765015}
Testing combo 569: hc=1.5, of=20.0, sp=200.0, lr=0.0001, n_steps=2048, batch_size=64
 Result: {'holding_cost': 1.5, 'order_fixed': 20.0, 'stockout_penalty': 200.0, 'learning_rate': 0.0001, 'n_steps': 2048, 'n_epochs': 5, 'vf_coef': 0.25, 'ent_coef': 0.0, 'batch_size': 64, 'rl_avg_profit': 216.43894918050393, 'rl_avg_stockouts': 30.481273403676198, 'rl_avg_inventory': 56.64373882267573, 'train_time_s': 89.86371612548828}
Testing combo 570: hc=1.5, of=20.0, sp=200.0, lr=0.0001, n_steps=2048, batch_size=64
 Result: {'holding_cost': 1.5, 'order_fixed': 20.0, 'stockout_penalty': 200.0, 'learning_rate': 0.0001, 'n_steps': 2048, 'n_epochs': 5, 'vf_coef': 0.25, 'ent_coef': 0.01, 'batch_size': 64, 'rl_avg_profit': 211.734154792131, 'rl_avg_stockouts': 14.096049182396598, 'rl_avg_inventory': 60.72679071557032, 'train_time_s': 89.03326416015625}
Testing combo 571: hc=1.5, of=20.0, sp=200.0, lr=0.0001, n_steps=2048, batch_size=64
 Result: {'holding_cost': 1.5, 'order_fixed': 20.0, 'stockout_penalty': 200.0, 'learning_rate': 0.0001, 'n_steps': 2048, 'n_epochs': 8, 'vf_coef': 0.25, 'ent_coef': 0.0, 'batch_size': 64, 'rl_avg_profit': 196.56832401737563, 'rl_avg_stockouts': 38.731370978457775, 'rl_avg_inventory': 65.95204858832165, 'train_time_s': 111.97122693061829}
Testing combo 572: hc=1.5, of=20.0, sp=200.0, lr=0.0001, n_steps=2048, batch_size=64
 Result: {'holding_cost': 1.5, 'order_fixed': 20.0, 'stockout_penalty': 200.0, 'learning_rate': 0.0001, 'n_steps': 2048, 'n_epochs': 8, 'vf_coef': 0.25, 'ent_coef': 0.01, 'batch_size': 64, 'rl_avg_profit': 203.03116944580128, 'rl_avg_stockouts': 21.464851353431783, 'rl_avg_inventory': 66.20274303357895, 'train_time_s': 110.94876837730408}
Testing combo 573: hc=1.5, of=20.0, sp=200.0, lr=0.0001, n_steps=1024, batch_size=64
 Result: {'holding_cost': 1.5, 'order_fixed': 20.0, 'stockout_penalty': 200.0, 'learning_rate': 0.0001, 'n_steps': 1024, 'n_epochs': 5, 'vf_coef': 0.25, 'ent_coef': 0.0, 'batch_size': 64, 'rl_avg_profit': 202.84889948013057, 'rl_avg_stockouts': 16.3858014522987, 'rl_avg_inventory': 63.61438700506132, 'train_time_s': 84.49832105636597}
Testing combo 574: hc=1.5, of=20.0, sp=200.0, lr=0.0001, n_steps=1024, batch_size=64
 Result: {'holding_cost': 1.5, 'order_fixed': 20.0, 'stockout_penalty': 200.0, 'learning_rate': 0.0001, 'n_steps': 1024, 'n_epochs': 5, 'vf_coef': 0.25, 'ent_coef': 0.01, 'batch_size': 64, 'rl_avg_profit': 201.8350002218674, 'rl_avg_stockouts': 54.90943139071137, 'rl_avg_inventory': 61.35362670032946, 'train_time_s': 89.22603416442871}
Testing combo 575: hc=1.5, of=20.0, sp=200.0, lr=0.0001, n_steps=1024, batch_size=64
 Result: {'holding_cost': 1.5, 'order_fixed': 20.0, 'stockout_penalty': 200.0, 'learning_rate': 0.0001, 'n_steps': 1024, 'n_epochs': 8, 'vf_coef': 0.25, 'ent_coef': 0.0, 'batch_size': 64, 'rl_avg_profit': 206.95198178025151, 'rl_avg_stockouts': 13.740792491555345, 'rl_avg_inventory': 64.43640969877374, 'train_time_s': 107.76394391059875}
Testing combo 576: hc=1.5, of=20.0, sp=200.0, lr=0.0001, n_steps=1024, batch_size=64
 Result: {'holding_cost': 1.5, 'order_fixed': 20.0, 'stockout_penalty': 200.0, 'learning_rate': 0.0001, 'n_steps': 1024, 'n_epochs': 8, 'vf_coef': 0.25, 'ent_coef': 0.01, 'batch_size': 64, 'rl_avg_profit': 187.2518861084443, 'rl_avg_stockouts': 1.3241635581937872, 'rl_avg_inventory': 78.71832846471709, 'train_time_s': 111.30026650428772}
Testing combo 577: hc=1.5, of=30.0, sp=10.0, lr=3e-05, n_steps=512, batch_size=64
 Result: {'holding_cost': 1.5, 'order_fixed': 30.0, 'stockout_penalty': 10.0, 'learning_rate': 3e-05, 'n_steps': 512, 'n_epochs': 5, 'vf_coef': 0.25, 'ent_coef': 0.0, 'batch_size': 64, 'rl_avg_profit': -76.76891424780929, 'rl_avg_stockouts': 16192.123141219188, 'rl_avg_inventory': 0.8970976284950053, 'train_time_s': 89.22773361206055}
Testing combo 578: hc=1.5, of=30.0, sp=10.0, lr=3e-05, n_steps=512, batch_size=64
 Result: {'holding_cost': 1.5, 'order_fixed': 30.0, 'stockout_penalty': 10.0, 'learning_rate': 3e-05, 'n_steps': 512, 'n_epochs': 5, 'vf_coef': 0.25, 'ent_coef': 0.01, 'batch_size': 64, 'rl_avg_profit': -226.1913526857516, 'rl_avg_stockouts': 22870.267027197155, 'rl_avg_inventory': 0.2239771098959936, 'train_time_s': 84.64746165275574}
Testing combo 579: hc=1.5, of=30.0, sp=10.0, lr=3e-05, n_steps=512, batch_size=64
 Result: {'holding_cost': 1.5, 'order_fixed': 30.0, 'stockout_penalty': 10.0, 'learning_rate': 3e-05, 'n_steps': 512, 'n_epochs': 8, 'vf_coef': 0.25, 'ent_coef': 0.0, 'batch_size': 64, 'rl_avg_profit': 135.74501165283294, 'rl_avg_stockouts': 6654.761765488665, 'rl_avg_inventory': 8.562064488631203, 'train_time_s': 107.9687340259552}
Testing combo 580: hc=1.5, of=30.0, sp=10.0, lr=3e-05, n_steps=512, batch_size=64
 Result: {'holding_cost': 1.5, 'order_fixed': 30.0, 'stockout_penalty': 10.0, 'learning_rate': 3e-05, 'n_steps': 512, 'n_epochs': 8, 'vf_coef': 0.25, 'ent_coef': 0.01, 'batch_size': 64, 'rl_avg_profit': 39.09960816944489, 'rl_avg_stockouts': 11199.523968100604, 'rl_avg_inventory': 2.87445750052288, 'train_time_s': 106.85687232017517}
Testing combo 581: hc=1.5, of=30.0, sp=10.0, lr=3e-05, n_steps=2048, batch_size=64
 Result: {'holding_cost': 1.5, 'order_fixed': 30.0, 'stockout_penalty': 10.0, 'learning_rate': 3e-05, 'n_steps': 2048, 'n_epochs': 5, 'vf_coef': 0.25, 'ent_coef': 0.0, 'batch_size': 64, 'rl_avg_profit': -224.87085130922225, 'rl_avg_stockouts': 22729.476862462874, 'rl_avg_inventory': 0.26038519506585106, 'train_time_s': 86.93134069442749}
Testing combo 582: hc=1.5, of=30.0, sp=10.0, lr=3e-05, n_steps=2048, batch_size=64
 Result: {'holding_cost': 1.5, 'order_fixed': 30.0, 'stockout_penalty': 10.0, 'learning_rate': 3e-05, 'n_steps': 2048, 'n_epochs': 5, 'vf_coef': 0.25, 'ent_coef': 0.01, 'batch_size': 64, 'rl_avg_profit': -223.09856602241953, 'rl_avg_stockouts': 22548.41582851094, 'rl_avg_inventory': 0.13930455121275495, 'train_time_s': 85.40784239768982}
Testing combo 583: hc=1.5, of=30.0, sp=10.0, lr=3e-05, n_steps=2048, batch_size=64
 Result: {'holding_cost': 1.5, 'order_fixed': 30.0, 'stockout_penalty': 10.0, 'learning_rate': 3e-05, 'n_steps': 2048, 'n_epochs': 8, 'vf_coef': 0.25, 'ent_coef': 0.0, 'batch_size': 64, 'rl_avg_profit': -3.336754947905061, 'rl_avg_stockouts': 13052.229576955728, 'rl_avg_inventory': 1.674345895142792, 'train_time_s': 109.5649950504303}
Testing combo 584: hc=1.5, of=30.0, sp=10.0, lr=3e-05, n_steps=2048, batch_size=64
 Result: {'holding_cost': 1.5, 'order_fixed': 30.0, 'stockout_penalty': 10.0, 'learning_rate': 3e-05, 'n_steps': 2048, 'n_epochs': 8, 'vf_coef': 0.25, 'ent_coef': 0.01, 'batch_size': 64, 'rl_avg_profit': 40.48086494829572, 'rl_avg_stockouts': 11294.347732314387, 'rl_avg_inventory': 3.4217704009776297, 'train_time_s': 109.79492568969727}
Testing combo 585: hc=1.5, of=30.0, sp=10.0, lr=3e-05, n_steps=1024, batch_size=64
 Result: {'holding_cost': 1.5, 'order_fixed': 30.0, 'stockout_penalty': 10.0, 'learning_rate': 3e-05, 'n_steps': 1024, 'n_epochs': 5, 'vf_coef': 0.25, 'ent_coef': 0.0, 'batch_size': 64, 'rl_avg_profit': -207.7329353750756, 'rl_avg_stockouts': 22013.93473029739, 'rl_avg_inventory': 0.2854112932626923, 'train_time_s': 85.27291440963745}
Testing combo 586: hc=1.5, of=30.0, sp=10.0, lr=3e-05, n_steps=1024, batch_size=64
 Result: {'holding_cost': 1.5, 'order_fixed': 30.0, 'stockout_penalty': 10.0, 'learning_rate': 3e-05, 'n_steps': 1024, 'n_epochs': 5, 'vf_coef': 0.25, 'ent_coef': 0.01, 'batch_size': 64, 'rl_avg_profit': -216.41636702669857, 'rl_avg_stockouts': 22291.274659864026, 'rl_avg_inventory': 0.20092566061509798, 'train_time_s': 89.29806065559387}
Testing combo 587: hc=1.5, of=30.0, sp=10.0, lr=3e-05, n_steps=1024, batch_size=64
 Result: {'holding_cost': 1.5, 'order_fixed': 30.0, 'stockout_penalty': 10.0, 'learning_rate': 3e-05, 'n_steps': 1024, 'n_epochs': 8, 'vf_coef': 0.25, 'ent_coef': 0.0, 'batch_size': 64, 'rl_avg_profit': 136.8649930808345, 'rl_avg_stockouts': 6706.946020331588, 'rl_avg_inventory': 9.987114293625808, 'train_time_s': 107.50865125656128}
Testing combo 588: hc=1.5, of=30.0, sp=10.0, lr=3e-05, n_steps=1024, batch_size=64
 Result: {'holding_cost': 1.5, 'order_fixed': 30.0, 'stockout_penalty': 10.0, 'learning_rate': 3e-05, 'n_steps': 1024, 'n_epochs': 8, 'vf_coef': 0.25, 'ent_coef': 0.01, 'batch_size': 64, 'rl_avg_profit': 101.98177066662109, 'rl_avg_stockouts': 8108.154673460468, 'rl_avg_inventory': 9.089258525610635, 'train_time_s': 106.2478494644165}
Testing combo 589: hc=1.5, of=30.0, sp=10.0, lr=0.0001, n_steps=512, batch_size=64
 Result: {'holding_cost': 1.5, 'order_fixed': 30.0, 'stockout_penalty': 10.0, 'learning_rate': 0.0001, 'n_steps': 512, 'n_epochs': 5, 'vf_coef': 0.25, 'ent_coef': 0.0, 'batch_size': 64, 'rl_avg_profit': 196.55711581896335, 'rl_avg_stockouts': 3618.1618963929695, 'rl_avg_inventory': 16.967263769810536, 'train_time_s': 88.34047174453735}
Testing combo 590: hc=1.5, of=30.0, sp=10.0, lr=0.0001, n_steps=512, batch_size=64
 Result: {'holding_cost': 1.5, 'order_fixed': 30.0, 'stockout_penalty': 10.0, 'learning_rate': 0.0001, 'n_steps': 512, 'n_epochs': 5, 'vf_coef': 0.25, 'ent_coef': 0.01, 'batch_size': 64, 'rl_avg_profit': 241.319546612691, 'rl_avg_stockouts': 874.1148015904431, 'rl_avg_inventory': 29.813777233794816, 'train_time_s': 84.08510184288025}
Testing combo 591: hc=1.5, of=30.0, sp=10.0, lr=0.0001, n_steps=512, batch_size=64
 Result: {'holding_cost': 1.5, 'order_fixed': 30.0, 'stockout_penalty': 10.0, 'learning_rate': 0.0001, 'n_steps': 512, 'n_epochs': 8, 'vf_coef': 0.25, 'ent_coef': 0.0, 'batch_size': 64, 'rl_avg_profit': 224.96779990989813, 'rl_avg_stockouts': 432.0428625337413, 'rl_avg_inventory': 47.50026414381315, 'train_time_s': 110.44615840911865}
Testing combo 592: hc=1.5, of=30.0, sp=10.0, lr=0.0001, n_steps=512, batch_size=64
 Result: {'holding_cost': 1.5, 'order_fixed': 30.0, 'stockout_penalty': 10.0, 'learning_rate': 0.0001, 'n_steps': 512, 'n_epochs': 8, 'vf_coef': 0.25, 'ent_coef': 0.01, 'batch_size': 64, 'rl_avg_profit': 145.56035298932943, 'rl_avg_stockouts': 4729.4546973480265, 'rl_avg_inventory': 33.81767891864254, 'train_time_s': 109.2564811706543}
Testing combo 593: hc=1.5, of=30.0, sp=10.0, lr=0.0001, n_steps=2048, batch_size=64
 Result: {'holding_cost': 1.5, 'order_fixed': 30.0, 'stockout_penalty': 10.0, 'learning_rate': 0.0001, 'n_steps': 2048, 'n_epochs': 5, 'vf_coef': 0.25, 'ent_coef': 0.0, 'batch_size': 64, 'rl_avg_profit': 239.70304406675427, 'rl_avg_stockouts': 781.5045305280314, 'rl_avg_inventory': 30.007351263906447, 'train_time_s': 87.45575547218323}
Testing combo 594: hc=1.5, of=30.0, sp=10.0, lr=0.0001, n_steps=2048, batch_size=64
 Result: {'holding_cost': 1.5, 'order_fixed': 30.0, 'stockout_penalty': 10.0, 'learning_rate': 0.0001, 'n_steps': 2048, 'n_epochs': 5, 'vf_coef': 0.25, 'ent_coef': 0.01, 'batch_size': 64, 'rl_avg_profit': 128.09466371462338, 'rl_avg_stockouts': 6552.9198873992145, 'rl_avg_inventory': 16.166613283594177, 'train_time_s': 86.95924305915833}
Testing combo 595: hc=1.5, of=30.0, sp=10.0, lr=0.0001, n_steps=2048, batch_size=64
